time,vehicle_id,status,x,y,soc,battery,battery_capacity,load,load_ratio,capacity,speed,idle,current_time
0.0,1,idle,50.0,40.0,1.0,100.0,100.0,0.0,0.0,150.0,2.0,1,0.0
0.0,2,idle,50.0,40.0,1.0,100.0,100.0,0.0,0.0,150.0,2.0,1,0.0
0.0,3,idle,50.0,40.0,1.0,100.0,100.0,0.0,0.0,150.0,2.0,1,0.0
0.0,1,moving,50.0,40.0,1.0,100.0,100.0,0.0,0.0,150.0,2.0,0,30.0
0.0,2,idle,50.0,40.0,1.0,100.0,100.0,0.0,0.0,150.0,2.0,1,0.0
0.0,3,idle,50.0,40.0,1.0,100.0,100.0,0.0,0.0,150.0,2.0,1,0.0
0.0,1,moving,50.0,40.0,1.0,100.0,100.0,0.0,0.0,150.0,2.0,0,30.0
0.0,2,moving,0.0,0.0,0.8399218940641788,83.99218940641788,100.0,0.0,0.0,150.0,2.0,0,62.01562118716424
0.0,3,idle,50.0,40.0,1.0,100.0,100.0,0.0,0.0,150.0,2.0,1,0.0
30.0,1,idle,50.0,40.0,1.0,100.0,100.0,0.0,0.0,150.0,2.0,1,30.0
30.0,2,moving,0.0,0.0,0.8399218940641788,83.99218940641788,100.0,0.0,0.0,150.0,2.0,0,62.01562118716424
30.0,3,moving,50.0,40.0,1.0,100.0,100.0,0.0,0.0,150.0,2.0,0,30.0
30.0,1,moving,0.0,0.0,0.8399218940641788,83.99218940641788,100.0,0.0,0.0,150.0,2.0,0,96.03124237432849
30.0,2,moving,0.0,0.0,0.8399218940641788,83.99218940641788,100.0,0.0,0.0,150.0,2.0,0,62.01562118716424
30.0,3,idle,50.0,40.0,1.0,100.0,100.0,0.0,0.0,150.0,2.0,1,30.0
60.0,1,moving,0.0,0.0,0.8399218940641788,83.99218940641788,100.0,0.0,0.0,150.0,2.0,0,96.03124237432849
60.0,2,moving,0.0,0.0,0.8399218940641788,83.99218940641788,100.0,0.0,0.0,150.0,2.0,0,62.01562118716424
60.0,3,idle,50.0,40.0,1.0,100.0,100.0,0.0,0.0,150.0,2.0,1,60.0
62.01562118716424,1,moving,0.0,0.0,0.8399218940641788,83.99218940641788,100.0,0.0,0.0,150.0,2.0,0,96.03124237432849
62.01562118716424,2,idle,0.0,0.0,0.8399218940641788,83.99218940641788,100.0,0.0,0.0,150.0,2.0,1,62.01562118716424
62.01562118716424,3,moving,50.0,40.0,1.0,100.0,100.0,0.0,0.0,150.0,2.0,0,90.0
90.0,1,moving,0.0,0.0,0.8399218940641788,83.99218940641788,100.0,0.0,0.0,150.0,2.0,0,96.03124237432849
90.0,2,moving,0.0,0.0,0.8399218940641788,83.99218940641788,100.0,0.0,0.0,150.0,2.0,0,128.03124237432849
90.0,3,idle,50.0,40.0,1.0,100.0,100.0,0.0,0.0,150.0,2.0,1,90.0
96.03124237432849,1,idle,0.0,0.0,0.8399218940641788,83.99218940641788,100.0,0.0,0.0,150.0,2.0,1,96.03124237432849
96.03124237432849,2,moving,0.0,0.0,0.8399218940641788,83.99218940641788,100.0,0.0,0.0,150.0,2.0,0,128.03124237432849
96.03124237432849,3,moving,50.0,40.0,1.0,100.0,100.0,0.0,0.0,150.0,2.0,0,120.0
120.0,1,moving,0.0,0.0,0.8399218940641788,83.99218940641788,100.0,0.0,0.0,150.0,2.0,0,126.03124237432849
120.0,2,moving,0.0,0.0,0.8399218940641788,83.99218940641788,100.0,0.0,0.0,150.0,2.0,0,128.03124237432849
120.0,3,idle,50.0,40.0,1.0,100.0,100.0,0.0,0.0,150.0,2.0,1,120.0
126.03124237432849,1,idle,0.0,0.0,0.8399218940641788,83.99218940641788,100.0,0.0,0.0,150.0,2.0,1,126.03124237432849
126.03124237432849,2,moving,0.0,0.0,0.8399218940641788,83.99218940641788,100.0,0.0,0.0,150.0,2.0,0,128.03124237432849
126.03124237432849,3,moving,0.0,0.0,0.8399218940641788,83.99218940641788,100.0,0.0,0.0,150.0,2.0,0,182.01562118716424
128.03124237432849,1,moving,0.0,0.0,0.8399218940641788,83.99218940641788,100.0,0.0,0.0,150.0,2.0,0,214.01562118716424
128.03124237432849,2,moving,0.0,0.0,0.8399218940641788,83.99218940641788,100.0,0.0,0.0,150.0,2.0,0,128.03124237432849
128.03124237432849,3,moving,0.0,0.0,0.8399218940641788,83.99218940641788,100.0,0.0,0.0,150.0,2.0,0,182.01562118716424
128.03124237432849,1,moving,0.0,0.0,0.8399218940641788,83.99218940641788,100.0,0.0,0.0,150.0,2.0,0,246.01562118716424
128.03124237432849,2,idle,0.0,0.0,0.8399218940641788,83.99218940641788,100.0,0.0,0.0,150.0,2.0,1,128.03124237432849
128.03124237432849,3,moving,0.0,0.0,0.8399218940641788,83.99218940641788,100.0,0.0,0.0,150.0,2.0,0,182.01562118716424
182.01562118716424,1,moving,0.0,0.0,0.8399218940641788,83.99218940641788,100.0,0.0,0.0,150.0,2.0,0,246.01562118716424
182.01562118716424,2,moving,0.0,0.0,0.8399218940641788,83.99218940641788,100.0,0.0,0.0,150.0,2.0,0,278.01562118716424
182.01562118716424,3,idle,0.0,0.0,0.8399218940641788,83.99218940641788,100.0,0.0,0.0,150.0,2.0,1,182.01562118716424
182.31908539741715,1,moving,0.0,0.0,0.8399218940641788,83.99218940641788,100.0,0.0,0.0,150.0,2.0,0,246.01562118716424
182.31908539741715,2,moving,0.0,0.0,0.8399218940641788,83.99218940641788,100.0,0.0,0.0,150.0,2.0,0,278.01562118716424
182.31908539741715,3,moving,0.0,0.0,0.8399218940641788,83.99218940641788,100.0,0.0,0.0,150.0,2.0,0,212.01562118716424
212.01562118716424,1,assigned,52.53796461482037,12.742871994562577,0.6938571928357068,69.38571928357068,100.0,0.0,0.0,150.0,2.0,0,393.3641945122444
212.01562118716424,2,moving,0.0,0.0,0.8399218940641788,83.99218940641788,100.0,0.0,0.0,150.0,2.0,0,278.01562118716424
212.01562118716424,3,idle,0.0,0.0,0.8399218940641788,83.99218940641788,100.0,0.0,0.0,150.0,2.0,1,212.01562118716424
214.01562118716424,1,assigned,52.53796461482037,12.742871994562577,0.6938571928357068,69.38571928357068,100.0,0.0,0.0,150.0,2.0,0,393.3641945122444
214.01562118716424,2,moving,0.0,0.0,0.8399218940641788,83.99218940641788,100.0,0.0,0.0,150.0,2.0,0,278.01562118716424
214.01562118716424,3,moving,0.0,0.0,0.8399218940641788,83.99218940641788,100.0,0.0,0.0,150.0,2.0,0,310.01562118716424
214.01562118716424,1,idle,0.0,0.0,0.5587040733624145,55.87040733624145,100.0,0.0,0.0,150.0,2.0,1,450.39481840690286
214.01562118716424,2,moving,0.0,0.0,0.8399218940641788,83.99218940641788,100.0,0.0,0.0,150.0,2.0,0,278.01562118716424
214.01562118716424,3,moving,0.0,0.0,0.8399218940641788,83.99218940641788,100.0,0.0,0.0,150.0,2.0,0,310.01562118716424
246.01562118716424,1,idle,0.0,0.0,0.5587040733624145,55.87040733624145,100.0,0.0,0.0,150.0,2.0,1,482.39481840690286
246.01562118716424,2,moving,0.0,0.0,0.8399218940641788,83.99218940641788,100.0,0.0,0.0,150.0,2.0,0,278.01562118716424
246.01562118716424,3,moving,0.0,0.0,0.8399218940641788,83.99218940641788,100.0,0.0,0.0,150.0,2.0,0,310.01562118716424
278.01562118716424,1,moving,0.0,0.0,0.5587040733624145,55.87040733624145,100.0,0.0,0.0,150.0,2.0,0,514.3948184069029
278.01562118716424,2,moving,0.0,0.0,0.8399218940641788,83.99218940641788,100.0,0.0,0.0,150.0,2.0,0,278.01562118716424
278.01562118716424,3,moving,0.0,0.0,0.8399218940641788,83.99218940641788,100.0,0.0,0.0,150.0,2.0,0,310.01562118716424
278.01562118716424,1,moving,0.0,0.0,0.5587040733624145,55.87040733624145,100.0,0.0,0.0,150.0,2.0,0,546.3948184069029
278.01562118716424,2,idle,0.0,0.0,0.8399218940641788,83.99218940641788,100.0,0.0,0.0,150.0,2.0,1,278.01562118716424
278.01562118716424,3,moving,0.0,0.0,0.8399218940641788,83.99218940641788,100.0,0.0,0.0,150.0,2.0,0,310.01562118716424
308.01562118716424,1,moving,0.0,0.0,0.5587040733624145,55.87040733624145,100.0,0.0,0.0,150.0,2.0,0,546.3948184069029
308.01562118716424,2,idle,0.0,0.0,0.8399218940641788,83.99218940641788,100.0,0.0,0.0,150.0,2.0,1,308.01562118716424
308.01562118716424,3,moving,0.0,0.0,0.8399218940641788,83.99218940641788,100.0,0.0,0.0,150.0,2.0,0,310.01562118716424
310.01562118716424,1,moving,0.0,0.0,0.5587040733624145,55.87040733624145,100.0,0.0,0.0,150.0,2.0,0,546.3948184069029
310.01562118716424,2,moving,0.0,0.0,0.8399218940641788,83.99218940641788,100.0,0.0,0.0,150.0,2.0,0,342.01562118716424
310.01562118716424,3,moving,0.0,0.0,0.8399218940641788,83.99218940641788,100.0,0.0,0.0,150.0,2.0,0,310.01562118716424
310.01562118716424,1,moving,0.0,0.0,0.5587040733624145,55.87040733624145,100.0,0.0,0.0,150.0,2.0,0,576.3948184069029
310.01562118716424,2,moving,0.0,0.0,0.8399218940641788,83.99218940641788,100.0,0.0,0.0,150.0,2.0,0,342.01562118716424
310.01562118716424,3,idle,0.0,0.0,0.8399218940641788,83.99218940641788,100.0,0.0,0.0,150.0,2.0,1,310.01562118716424
342.01562118716424,1,moving,0.0,0.0,0.5587040733624145,55.87040733624145,100.0,0.0,0.0,150.0,2.0,0,576.3948184069029
342.01562118716424,2,idle,0.0,0.0,0.8399218940641788,83.99218940641788,100.0,0.0,0.0,150.0,2.0,1,342.01562118716424
342.01562118716424,3,moving,0.0,0.0,0.8399218940641788,83.99218940641788,100.0,0.0,0.0,150.0,2.0,0,374.01562118716424
374.01562118716424,1,moving,0.0,0.0,0.5587040733624145,55.87040733624145,100.0,0.0,0.0,150.0,2.0,0,576.3948184069029
374.01562118716424,2,moving,0.0,0.0,0.8399218940641788,83.99218940641788,100.0,0.0,0.0,150.0,2.0,0,406.01562118716424
374.01562118716424,3,moving,0.0,0.0,0.8399218940641788,83.99218940641788,100.0,0.0,0.0,150.0,2.0,0,374.01562118716424
374.01562118716424,1,moving,0.0,0.0,0.5587040733624145,55.87040733624145,100.0,0.0,0.0,150.0,2.0,0,606.3948184069029
374.01562118716424,2,moving,0.0,0.0,0.8399218940641788,83.99218940641788,100.0,0.0,0.0,150.0,2.0,0,406.01562118716424
374.01562118716424,3,idle,0.0,0.0,0.8399218940641788,83.99218940641788,100.0,0.0,0.0,150.0,2.0,1,374.01562118716424
393.3641945122444,1,idle,0.0,0.0,0.5587040733624145,55.87040733624145,100.0,0.0,0.0,150.0,2.0,1,606.3948184069029
393.3641945122444,2,moving,0.0,0.0,0.8399218940641788,83.99218940641788,100.0,0.0,0.0,150.0,2.0,0,406.01562118716424
393.3641945122444,3,moving,0.0,0.0,0.8399218940641788,83.99218940641788,100.0,0.0,0.0,150.0,2.0,0,638.3948184069029
406.01562118716424,1,moving,0.0,0.0,0.5587040733624145,55.87040733624145,100.0,0.0,0.0,150.0,2.0,0,670.3948184069029
406.01562118716424,2,moving,0.0,0.0,0.8399218940641788,83.99218940641788,100.0,0.0,0.0,150.0,2.0,0,406.01562118716424
406.01562118716424,3,moving,0.0,0.0,0.8399218940641788,83.99218940641788,100.0,0.0,0.0,150.0,2.0,0,638.3948184069029
406.01562118716424,1,moving,0.0,0.0,0.5587040733624145,55.87040733624145,100.0,0.0,0.0,150.0,2.0,0,700.3948184069029
406.01562118716424,2,idle,0.0,0.0,0.8399218940641788,83.99218940641788,100.0,0.0,0.0,150.0,2.0,1,406.01562118716424
406.01562118716424,3,moving,0.0,0.0,0.8399218940641788,83.99218940641788,100.0,0.0,0.0,150.0,2.0,0,638.3948184069029
436.01562118716424,1,moving,0.0,0.0,0.5587040733624145,55.87040733624145,100.0,0.0,0.0,150.0,2.0,0,700.3948184069029
436.01562118716424,2,idle,0.0,0.0,0.8399218940641788,83.99218940641788,100.0,0.0,0.0,150.0,2.0,1,436.01562118716424
436.01562118716424,3,moving,0.0,0.0,0.8399218940641788,83.99218940641788,100.0,0.0,0.0,150.0,2.0,0,638.3948184069029
450.39481840690286,1,idle,0.0,0.0,0.5587040733624145,55.87040733624145,100.0,0.0,0.0,150.0,2.0,1,700.3948184069029
450.39481840690286,2,moving,0.0,0.0,0.8399218940641788,83.99218940641788,100.0,0.0,0.0,150.0,2.0,0,466.01562118716424
450.39481840690286,3,moving,0.0,0.0,0.8399218940641788,83.99218940641788,100.0,0.0,0.0,150.0,2.0,0,638.3948184069029
466.01562118716424,1,moving,0.0,0.0,0.5587040733624145,55.87040733624145,100.0,0.0,0.0,150.0,2.0,0,730.3948184069029
466.01562118716424,2,idle,0.0,0.0,0.8399218940641788,83.99218940641788,100.0,0.0,0.0,150.0,2.0,1,466.01562118716424
466.01562118716424,3,moving,0.0,0.0,0.8399218940641788,83.99218940641788,100.0,0.0,0.0,150.0,2.0,0,638.3948184069029
482.39481840690286,1,idle,0.0,0.0,0.5587040733624145,55.87040733624145,100.0,0.0,0.0,150.0,2.0,1,730.3948184069029
482.39481840690286,2,moving,0.0,0.0,0.8399218940641788,83.99218940641788,100.0,0.0,0.0,150.0,2.0,0,496.01562118716424
482.39481840690286,3,moving,0.0,0.0,0.8399218940641788,83.99218940641788,100.0,0.0,0.0,150.0,2.0,0,638.3948184069029
496.01562118716424,1,moving,0.0,0.0,0.5587040733624145,55.87040733624145,100.0,0.0,0.0,150.0,2.0,0,762.3948184069029
496.01562118716424,2,idle,0.0,0.0,0.8399218940641788,83.99218940641788,100.0,0.0,0.0,150.0,2.0,1,496.01562118716424
496.01562118716424,3,moving,0.0,0.0,0.8399218940641788,83.99218940641788,100.0,0.0,0.0,150.0,2.0,0,638.3948184069029
514.3948184069029,1,idle,0.0,0.0,0.5587040733624145,55.87040733624145,100.0,0.0,0.0,150.0,2.0,1,762.3948184069029
514.3948184069029,2,moving,0.0,0.0,0.8399218940641788,83.99218940641788,100.0,0.0,0.0,150.0,2.0,0,794.3948184069029
514.3948184069029,3,moving,0.0,0.0,0.8399218940641788,83.99218940641788,100.0,0.0,0.0,150.0,2.0,0,638.3948184069029
546.3948184069029,1,idle,0.0,0.0,0.5587040733624145,55.87040733624145,100.0,0.0,0.0,150.0,2.0,1,826.3948184069029
546.3948184069029,2,moving,0.0,0.0,0.8399218940641788,83.99218940641788,100.0,0.0,0.0,150.0,2.0,0,794.3948184069029
546.3948184069029,3,moving,0.0,0.0,0.8399218940641788,83.99218940641788,100.0,0.0,0.0,150.0,2.0,0,638.3948184069029
576.3948184069029,1,idle,0.0,0.0,0.5587040733624145,55.87040733624145,100.0,0.0,0.0,150.0,2.0,1,856.3948184069029
576.3948184069029,2,moving,0.0,0.0,0.8399218940641788,83.99218940641788,100.0,0.0,0.0,150.0,2.0,0,794.3948184069029
576.3948184069029,3,moving,0.0,0.0,0.8399218940641788,83.99218940641788,100.0,0.0,0.0,150.0,2.0,0,638.3948184069029
606.3948184069029,1,idle,0.0,0.0,0.5587040733624145,55.87040733624145,100.0,0.0,0.0,150.0,2.0,1,886.3948184069029
606.3948184069029,2,moving,0.0,0.0,0.8399218940641788,83.99218940641788,100.0,0.0,0.0,150.0,2.0,0,794.3948184069029
606.3948184069029,3,moving,0.0,0.0,0.8399218940641788,83.99218940641788,100.0,0.0,0.0,150.0,2.0,0,638.3948184069029
638.3948184069029,1,moving,0.0,0.0,0.5587040733624145,55.87040733624145,100.0,0.0,0.0,150.0,2.0,0,918.3948184069029
638.3948184069029,2,moving,0.0,0.0,0.8399218940641788,83.99218940641788,100.0,0.0,0.0,150.0,2.0,0,794.3948184069029
638.3948184069029,3,moving,0.0,0.0,0.8399218940641788,83.99218940641788,100.0,0.0,0.0,150.0,2.0,0,638.3948184069029
638.3948184069029,1,moving,0.0,0.0,0.5587040733624145,55.87040733624145,100.0,0.0,0.0,150.0,2.0,0,950.3948184069029
638.3948184069029,2,moving,0.0,0.0,0.8399218940641788,83.99218940641788,100.0,0.0,0.0,150.0,2.0,0,794.3948184069029
638.3948184069029,3,idle,0.0,0.0,0.8399218940641788,83.99218940641788,100.0,0.0,0.0,150.0,2.0,1,638.3948184069029
668.3948184069029,1,moving,0.0,0.0,0.5587040733624145,55.87040733624145,100.0,0.0,0.0,150.0,2.0,0,950.3948184069029
668.3948184069029,2,moving,0.0,0.0,0.8399218940641788,83.99218940641788,100.0,0.0,0.0,150.0,2.0,0,794.3948184069029
668.3948184069029,3,idle,0.0,0.0,0.8399218940641788,83.99218940641788,100.0,0.0,0.0,150.0,2.0,1,668.3948184069029
670.3948184069029,1,moving,0.0,0.0,0.5587040733624145,55.87040733624145,100.0,0.0,0.0,150.0,2.0,0,950.3948184069029
670.3948184069029,2,moving,0.0,0.0,0.8399218940641788,83.99218940641788,100.0,0.0,0.0,150.0,2.0,0,794.3948184069029
670.3948184069029,3,moving,0.0,0.0,0.8399218940641788,83.99218940641788,100.0,0.0,0.0,150.0,2.0,0,698.3948184069029
670.3948184069029,1,idle,0.0,0.0,0.5587040733624145,55.87040733624145,100.0,0.0,0.0,150.0,2.0,1,980.3948184069029
670.3948184069029,2,moving,0.0,0.0,0.8399218940641788,83.99218940641788,100.0,0.0,0.0,150.0,2.0,0,794.3948184069029
670.3948184069029,3,moving,0.0,0.0,0.8399218940641788,83.99218940641788,100.0,0.0,0.0,150.0,2.0,0,698.3948184069029
698.3948184069029,1,moving,0.0,0.0,0.5587040733624145,55.87040733624145,100.0,0.0,0.0,150.0,2.0,0,1010.3948184069029
698.3948184069029,2,moving,0.0,0.0,0.8399218940641788,83.99218940641788,100.0,0.0,0.0,150.0,2.0,0,794.3948184069029
698.3948184069029,3,idle,0.0,0.0,0.8399218940641788,83.99218940641788,100.0,0.0,0.0,150.0,2.0,1,698.3948184069029
700.3948184069029,1,idle,0.0,0.0,0.5587040733624145,55.87040733624145,100.0,0.0,0.0,150.0,2.0,1,1010.3948184069029
700.3948184069029,2,moving,0.0,0.0,0.8399218940641788,83.99218940641788,100.0,0.0,0.0,150.0,2.0,0,794.3948184069029
700.3948184069029,3,moving,0.0,0.0,0.8399218940641788,83.99218940641788,100.0,0.0,0.0,150.0,2.0,0,728.3948184069029
728.3948184069029,1,moving,0.0,0.0,0.5587040733624145,55.87040733624145,100.0,0.0,0.0,150.0,2.0,0,1040.394818406903
728.3948184069029,2,moving,0.0,0.0,0.8399218940641788,83.99218940641788,100.0,0.0,0.0,150.0,2.0,0,794.3948184069029
728.3948184069029,3,idle,0.0,0.0,0.8399218940641788,83.99218940641788,100.0,0.0,0.0,150.0,2.0,1,728.3948184069029
730.3948184069029,1,idle,0.0,0.0,0.5587040733624145,55.87040733624145,100.0,0.0,0.0,150.0,2.0,1,1040.394818406903
730.3948184069029,2,moving,0.0,0.0,0.8399218940641788,83.99218940641788,100.0,0.0,0.0,150.0,2.0,0,794.3948184069029
730.3948184069029,3,moving,0.0,0.0,0.8399218940641788,83.99218940641788,100.0,0.0,0.0,150.0,2.0,0,758.3948184069029
758.3948184069029,1,moving,0.0,0.0,0.5587040733624145,55.87040733624145,100.0,0.0,0.0,150.0,2.0,0,1070.394818406903
758.3948184069029,2,moving,0.0,0.0,0.8399218940641788,83.99218940641788,100.0,0.0,0.0,150.0,2.0,0,794.3948184069029
758.3948184069029,3,idle,0.0,0.0,0.8399218940641788,83.99218940641788,100.0,0.0,0.0,150.0,2.0,1,758.3948184069029
762.3948184069029,1,idle,0.0,0.0,0.5587040733624145,55.87040733624145,100.0,0.0,0.0,150.0,2.0,1,1070.394818406903
762.3948184069029,2,moving,0.0,0.0,0.8399218940641788,83.99218940641788,100.0,0.0,0.0,150.0,2.0,0,794.3948184069029
762.3948184069029,3,moving,0.0,0.0,0.8399218940641788,83.99218940641788,100.0,0.0,0.0,150.0,2.0,0,1102.394818406903
794.3948184069029,1,moving,0.0,0.0,0.5587040733624145,55.87040733624145,100.0,0.0,0.0,150.0,2.0,0,1100.394818406903
794.3948184069029,2,moving,0.0,0.0,0.8399218940641788,83.99218940641788,100.0,0.0,0.0,150.0,2.0,0,794.3948184069029
794.3948184069029,3,moving,0.0,0.0,0.8399218940641788,83.99218940641788,100.0,0.0,0.0,150.0,2.0,0,1102.394818406903
794.3948184069029,1,moving,0.0,0.0,0.5587040733624145,55.87040733624145,100.0,0.0,0.0,150.0,2.0,0,1130.394818406903
794.3948184069029,2,idle,0.0,0.0,0.8399218940641788,83.99218940641788,100.0,0.0,0.0,150.0,2.0,1,794.3948184069029
794.3948184069029,3,moving,0.0,0.0,0.8399218940641788,83.99218940641788,100.0,0.0,0.0,150.0,2.0,0,1102.394818406903
826.3948184069029,1,moving,0.0,0.0,0.5587040733624145,55.87040733624145,100.0,0.0,0.0,150.0,2.0,0,1130.394818406903
826.3948184069029,2,moving,0.0,0.0,0.8399218940641788,83.99218940641788,100.0,0.0,0.0,150.0,2.0,0,1134.394818406903
826.3948184069029,3,moving,0.0,0.0,0.8399218940641788,83.99218940641788,100.0,0.0,0.0,150.0,2.0,0,1102.394818406903
826.3948184069029,1,idle,0.0,0.0,0.5587040733624145,55.87040733624145,100.0,0.0,0.0,150.0,2.0,1,1166.394818406903
826.3948184069029,2,moving,0.0,0.0,0.8399218940641788,83.99218940641788,100.0,0.0,0.0,150.0,2.0,0,1134.394818406903
826.3948184069029,3,moving,0.0,0.0,0.8399218940641788,83.99218940641788,100.0,0.0,0.0,150.0,2.0,0,1102.394818406903
856.3948184069029,1,idle,0.0,0.0,0.5587040733624145,55.87040733624145,100.0,0.0,0.0,150.0,2.0,1,1198.394818406903
856.3948184069029,2,moving,0.0,0.0,0.8399218940641788,83.99218940641788,100.0,0.0,0.0,150.0,2.0,0,1134.394818406903
856.3948184069029,3,moving,0.0,0.0,0.8399218940641788,83.99218940641788,100.0,0.0,0.0,150.0,2.0,0,1102.394818406903
886.3948184069029,1,idle,0.0,0.0,0.5587040733624145,55.87040733624145,100.0,0.0,0.0,150.0,2.0,1,1230.394818406903
886.3948184069029,2,moving,0.0,0.0,0.8399218940641788,83.99218940641788,100.0,0.0,0.0,150.0,2.0,0,1134.394818406903
886.3948184069029,3,moving,0.0,0.0,0.8399218940641788,83.99218940641788,100.0,0.0,0.0,150.0,2.0,0,1102.394818406903
918.3948184069029,1,idle,0.0,0.0,0.5587040733624145,55.87040733624145,100.0,0.0,0.0,150.0,2.0,1,1262.394818406903
918.3948184069029,2,moving,0.0,0.0,0.8399218940641788,83.99218940641788,100.0,0.0,0.0,150.0,2.0,0,1134.394818406903
918.3948184069029,3,moving,0.0,0.0,0.8399218940641788,83.99218940641788,100.0,0.0,0.0,150.0,2.0,0,1102.394818406903
950.3948184069029,1,idle,0.0,0.0,0.5587040733624145,55.87040733624145,100.0,0.0,0.0,150.0,2.0,1,1294.394818406903
950.3948184069029,2,moving,0.0,0.0,0.8399218940641788,83.99218940641788,100.0,0.0,0.0,150.0,2.0,0,1134.394818406903
950.3948184069029,3,moving,0.0,0.0,0.8399218940641788,83.99218940641788,100.0,0.0,0.0,150.0,2.0,0,1102.394818406903
980.3948184069029,1,idle,0.0,0.0,0.5587040733624145,55.87040733624145,100.0,0.0,0.0,150.0,2.0,1,1326.394818406903
980.3948184069029,2,moving,0.0,0.0,0.8399218940641788,83.99218940641788,100.0,0.0,0.0,150.0,2.0,0,1134.394818406903
980.3948184069029,3,moving,0.0,0.0,0.8399218940641788,83.99218940641788,100.0,0.0,0.0,150.0,2.0,0,1102.394818406903
1010.3948184069029,1,idle,0.0,0.0,0.5587040733624145,55.87040733624145,100.0,0.0,0.0,150.0,2.0,1,1356.394818406903
1010.3948184069029,2,moving,0.0,0.0,0.8399218940641788,83.99218940641788,100.0,0.0,0.0,150.0,2.0,0,1134.394818406903
1010.3948184069029,3,moving,0.0,0.0,0.8399218940641788,83.99218940641788,100.0,0.0,0.0,150.0,2.0,0,1102.394818406903
1040.394818406903,1,idle,0.0,0.0,0.5587040733624145,55.87040733624145,100.0,0.0,0.0,150.0,2.0,1,1386.394818406903
1040.394818406903,2,moving,0.0,0.0,0.8399218940641788,83.99218940641788,100.0,0.0,0.0,150.0,2.0,0,1134.394818406903
1040.394818406903,3,moving,0.0,0.0,0.8399218940641788,83.99218940641788,100.0,0.0,0.0,150.0,2.0,0,1102.394818406903
1070.394818406903,1,idle,0.0,0.0,0.5587040733624145,55.87040733624145,100.0,0.0,0.0,150.0,2.0,1,1418.394818406903
1070.394818406903,2,moving,0.0,0.0,0.8399218940641788,83.99218940641788,100.0,0.0,0.0,150.0,2.0,0,1134.394818406903
1070.394818406903,3,moving,0.0,0.0,0.8399218940641788,83.99218940641788,100.0,0.0,0.0,150.0,2.0,0,1102.394818406903
1100.394818406903,1,idle,0.0,0.0,0.5587040733624145,55.87040733624145,100.0,0.0,0.0,150.0,2.0,1,1448.394818406903
1100.394818406903,2,moving,0.0,0.0,0.8399218940641788,83.99218940641788,100.0,0.0,0.0,150.0,2.0,0,1134.394818406903
1100.394818406903,3,moving,0.0,0.0,0.8399218940641788,83.99218940641788,100.0,0.0,0.0,150.0,2.0,0,1102.394818406903
1102.394818406903,1,moving,0.0,0.0,0.5587040733624145,55.87040733624145,100.0,0.0,0.0,150.0,2.0,0,1478.394818406903
1102.394818406903,2,moving,0.0,0.0,0.8399218940641788,83.99218940641788,100.0,0.0,0.0,150.0,2.0,0,1134.394818406903
1102.394818406903,3,moving,0.0,0.0,0.8399218940641788,83.99218940641788,100.0,0.0,0.0,150.0,2.0,0,1102.394818406903
1102.394818406903,1,moving,0.0,0.0,0.5587040733624145,55.87040733624145,100.0,0.0,0.0,150.0,2.0,0,1510.394818406903
1102.394818406903,2,moving,0.0,0.0,0.8399218940641788,83.99218940641788,100.0,0.0,0.0,150.0,2.0,0,1134.394818406903
1102.394818406903,3,idle,0.0,0.0,0.8399218940641788,83.99218940641788,100.0,0.0,0.0,150.0,2.0,1,1102.394818406903
1130.394818406903,1,idle,0.0,0.0,0.5587040733624145,55.87040733624145,100.0,0.0,0.0,150.0,2.0,1,1510.394818406903
1130.394818406903,2,moving,0.0,0.0,0.8399218940641788,83.99218940641788,100.0,0.0,0.0,150.0,2.0,0,1134.394818406903
1130.394818406903,3,moving,0.0,0.0,0.8399218940641788,83.99218940641788,100.0,0.0,0.0,150.0,2.0,0,1542.394818406903
1134.394818406903,1,moving,0.0,0.0,0.5587040733624145,55.87040733624145,100.0,0.0,0.0,150.0,2.0,0,1574.394818406903
1134.394818406903,2,moving,0.0,0.0,0.8399218940641788,83.99218940641788,100.0,0.0,0.0,150.0,2.0,0,1134.394818406903
1134.394818406903,3,moving,0.0,0.0,0.8399218940641788,83.99218940641788,100.0,0.0,0.0,150.0,2.0,0,1542.394818406903
1134.394818406903,1,moving,0.0,0.0,0.5587040733624145,55.87040733624145,100.0,0.0,0.0,150.0,2.0,0,1604.394818406903
1134.394818406903,2,idle,0.0,0.0,0.8399218940641788,83.99218940641788,100.0,0.0,0.0,150.0,2.0,1,1134.394818406903
1134.394818406903,3,moving,0.0,0.0,0.8399218940641788,83.99218940641788,100.0,0.0,0.0,150.0,2.0,0,1542.394818406903
1166.394818406903,1,idle,0.0,0.0,0.5587040733624145,55.87040733624145,100.0,0.0,0.0,150.0,2.0,1,1604.394818406903
1166.394818406903,2,moving,0.0,0.0,0.8399218940641788,83.99218940641788,100.0,0.0,0.0,150.0,2.0,0,1606.394818406903
1166.394818406903,3,moving,0.0,0.0,0.8399218940641788,83.99218940641788,100.0,0.0,0.0,150.0,2.0,0,1542.394818406903
1198.394818406903,1,idle,0.0,0.0,0.5587040733624145,55.87040733624145,100.0,0.0,0.0,150.0,2.0,1,1634.394818406903
1198.394818406903,2,moving,0.0,0.0,0.8399218940641788,83.99218940641788,100.0,0.0,0.0,150.0,2.0,0,1606.394818406903
1198.394818406903,3,moving,0.0,0.0,0.8399218940641788,83.99218940641788,100.0,0.0,0.0,150.0,2.0,0,1542.394818406903
1230.394818406903,1,idle,0.0,0.0,0.5587040733624145,55.87040733624145,100.0,0.0,0.0,150.0,2.0,1,1664.394818406903
1230.394818406903,2,moving,0.0,0.0,0.8399218940641788,83.99218940641788,100.0,0.0,0.0,150.0,2.0,0,1606.394818406903
1230.394818406903,3,moving,0.0,0.0,0.8399218940641788,83.99218940641788,100.0,0.0,0.0,150.0,2.0,0,1542.394818406903
1243.954403375923,1,moving,0.0,0.0,0.5587040733624145,55.87040733624145,100.0,0.0,0.0,150.0,2.0,0,1696.394818406903
1243.954403375923,2,moving,0.0,0.0,0.8399218940641788,83.99218940641788,100.0,0.0,0.0,150.0,2.0,0,1606.394818406903
1243.954403375923,3,moving,0.0,0.0,0.8399218940641788,83.99218940641788,100.0,0.0,0.0,150.0,2.0,0,1542.394818406903
1262.394818406903,1,idle,60.752821307110764,12.45188330364488,0.3885179799810101,38.85179799810101,100.0,0.0,0.0,150.0,2.0,1,1848.699222458169
1262.394818406903,2,moving,0.0,0.0,0.8399218940641788,83.99218940641788,100.0,0.0,0.0,150.0,2.0,0,1606.394818406903
1262.394818406903,3,moving,0.0,0.0,0.8399218940641788,83.99218940641788,100.0,0.0,0.0,150.0,2.0,0,1542.394818406903
1294.394818406903,1,idle,0.0,0.0,0.2334785758247336,23.34785758247336,100.0,0.0,0.0,150.0,2.0,1,1909.7071032894244
1294.394818406903,2,moving,0.0,0.0,0.8399218940641788,83.99218940641788,100.0,0.0,0.0,150.0,2.0,0,1606.394818406903
1294.394818406903,3,moving,0.0,0.0,0.8399218940641788,83.99218940641788,100.0,0.0,0.0,150.0,2.0,0,1542.394818406903
1326.394818406903,1,idle,0.0,0.0,0.2334785758247336,23.34785758247336,100.0,0.0,0.0,150.0,2.0,1,1941.7071032894244
1326.394818406903,2,moving,0.0,0.0,0.8399218940641788,83.99218940641788,100.0,0.0,0.0,150.0,2.0,0,1606.394818406903
1326.394818406903,3,moving,0.0,0.0,0.8399218940641788,83.99218940641788,100.0,0.0,0.0,150.0,2.0,0,1542.394818406903
1356.394818406903,1,idle,0.0,0.0,0.2334785758247336,23.34785758247336,100.0,0.0,0.0,150.0,2.0,1,1971.7071032894244
1356.394818406903,2,moving,0.0,0.0,0.8399218940641788,83.99218940641788,100.0,0.0,0.0,150.0,2.0,0,1606.394818406903
1356.394818406903,3,moving,0.0,0.0,0.8399218940641788,83.99218940641788,100.0,0.0,0.0,150.0,2.0,0,1542.394818406903
1386.394818406903,1,idle,0.0,0.0,0.2334785758247336,23.34785758247336,100.0,0.0,0.0,150.0,2.0,1,2001.7071032894244
1386.394818406903,2,moving,0.0,0.0,0.8399218940641788,83.99218940641788,100.0,0.0,0.0,150.0,2.0,0,1606.394818406903
1386.394818406903,3,moving,0.0,0.0,0.8399218940641788,83.99218940641788,100.0,0.0,0.0,150.0,2.0,0,1542.394818406903
1418.394818406903,1,idle,0.0,0.0,0.2334785758247336,23.34785758247336,100.0,0.0,0.0,150.0,2.0,1,2033.7071032894244
1418.394818406903,2,moving,0.0,0.0,0.8399218940641788,83.99218940641788,100.0,0.0,0.0,150.0,2.0,0,1606.394818406903
1418.394818406903,3,moving,0.0,0.0,0.8399218940641788,83.99218940641788,100.0,0.0,0.0,150.0,2.0,0,1542.394818406903
1448.394818406903,1,idle,0.0,0.0,0.2334785758247336,23.34785758247336,100.0,0.0,0.0,150.0,2.0,1,2065.7071032894246
1448.394818406903,2,moving,0.0,0.0,0.8399218940641788,83.99218940641788,100.0,0.0,0.0,150.0,2.0,0,1606.394818406903
1448.394818406903,3,moving,0.0,0.0,0.8399218940641788,83.99218940641788,100.0,0.0,0.0,150.0,2.0,0,1542.394818406903
1478.394818406903,1,idle,0.0,0.0,0.2334785758247336,23.34785758247336,100.0,0.0,0.0,150.0,2.0,1,2095.7071032894246
1478.394818406903,2,moving,0.0,0.0,0.8399218940641788,83.99218940641788,100.0,0.0,0.0,150.0,2.0,0,1606.394818406903
1478.394818406903,3,moving,0.0,0.0,0.8399218940641788,83.99218940641788,100.0,0.0,0.0,150.0,2.0,0,1542.394818406903
1510.394818406903,1,idle,0.0,0.0,0.2334785758247336,23.34785758247336,100.0,0.0,0.0,150.0,2.0,1,2125.7071032894246
1510.394818406903,2,moving,0.0,0.0,0.8399218940641788,83.99218940641788,100.0,0.0,0.0,150.0,2.0,0,1606.394818406903
1510.394818406903,3,moving,0.0,0.0,0.8399218940641788,83.99218940641788,100.0,0.0,0.0,150.0,2.0,0,1542.394818406903
1542.394818406903,1,moving,0.0,0.0,0.2334785758247336,23.34785758247336,100.0,0.0,0.0,150.0,2.0,0,2157.7071032894246
1542.394818406903,2,moving,0.0,0.0,0.8399218940641788,83.99218940641788,100.0,0.0,0.0,150.0,2.0,0,1606.394818406903
1542.394818406903,3,moving,0.0,0.0,0.8399218940641788,83.99218940641788,100.0,0.0,0.0,150.0,2.0,0,1542.394818406903
1542.394818406903,1,moving,0.0,0.0,0.2334785758247336,23.34785758247336,100.0,0.0,0.0,150.0,2.0,0,2187.7071032894246
1542.394818406903,2,moving,0.0,0.0,0.8399218940641788,83.99218940641788,100.0,0.0,0.0,150.0,2.0,0,1606.394818406903
1542.394818406903,3,idle,0.0,0.0,0.8399218940641788,83.99218940641788,100.0,0.0,0.0,150.0,2.0,1,1542.394818406903
1572.394818406903,1,moving,0.0,0.0,0.2334785758247336,23.34785758247336,100.0,0.0,0.0,150.0,2.0,0,2187.7071032894246
1572.394818406903,2,moving,0.0,0.0,0.8399218940641788,83.99218940641788,100.0,0.0,0.0,150.0,2.0,0,1606.394818406903
1572.394818406903,3,idle,0.0,0.0,0.8399218940641788,83.99218940641788,100.0,0.0,0.0,150.0,2.0,1,1572.394818406903
1574.394818406903,1,moving,0.0,0.0,0.2334785758247336,23.34785758247336,100.0,0.0,0.0,150.0,2.0,0,2187.7071032894246
1574.394818406903,2,moving,0.0,0.0,0.8399218940641788,83.99218940641788,100.0,0.0,0.0,150.0,2.0,0,1606.394818406903
1574.394818406903,3,moving,0.0,0.0,0.8399218940641788,83.99218940641788,100.0,0.0,0.0,150.0,2.0,0,1602.394818406903
1574.394818406903,1,idle,0.0,0.0,0.2334785758247336,23.34785758247336,100.0,0.0,0.0,150.0,2.0,1,2217.7071032894246
1574.394818406903,2,moving,0.0,0.0,0.8399218940641788,83.99218940641788,100.0,0.0,0.0,150.0,2.0,0,1606.394818406903
1574.394818406903,3,moving,0.0,0.0,0.8399218940641788,83.99218940641788,100.0,0.0,0.0,150.0,2.0,0,1602.394818406903
1602.394818406903,1,moving,0.0,0.0,0.2334785758247336,23.34785758247336,100.0,0.0,0.0,150.0,2.0,0,2249.7071032894246
1602.394818406903,2,moving,0.0,0.0,0.8399218940641788,83.99218940641788,100.0,0.0,0.0,150.0,2.0,0,1606.394818406903
1602.394818406903,3,idle,0.0,0.0,0.8399218940641788,83.99218940641788,100.0,0.0,0.0,150.0,2.0,1,1602.394818406903
1604.394818406903,1,idle,0.0,0.0,0.2334785758247336,23.34785758247336,100.0,0.0,0.0,150.0,2.0,1,2249.7071032894246
1604.394818406903,2,moving,0.0,0.0,0.8399218940641788,83.99218940641788,100.0,0.0,0.0,150.0,2.0,0,1606.394818406903
1604.394818406903,3,moving,0.0,0.0,0.8399218940641788,83.99218940641788,100.0,0.0,0.0,150.0,2.0,0,1728.394818406903
1606.394818406903,1,moving,0.0,0.0,0.2334785758247336,23.34785758247336,100.0,0.0,0.0,150.0,2.0,0,2281.7071032894246
1606.394818406903,2,moving,0.0,0.0,0.8399218940641788,83.99218940641788,100.0,0.0,0.0,150.0,2.0,0,1606.394818406903
1606.394818406903,3,moving,0.0,0.0,0.8399218940641788,83.99218940641788,100.0,0.0,0.0,150.0,2.0,0,1728.394818406903
1606.394818406903,1,moving,0.0,0.0,0.2334785758247336,23.34785758247336,100.0,0.0,0.0,150.0,2.0,0,2313.7071032894246
1606.394818406903,2,idle,0.0,0.0,0.8399218940641788,83.99218940641788,100.0,0.0,0.0,150.0,2.0,1,1606.394818406903
1606.394818406903,3,moving,0.0,0.0,0.8399218940641788,83.99218940641788,100.0,0.0,0.0,150.0,2.0,0,1728.394818406903
1634.394818406903,1,idle,0.0,0.0,0.2334785758247336,23.34785758247336,100.0,0.0,0.0,150.0,2.0,1,2313.7071032894246
1634.394818406903,2,moving,0.0,0.0,0.8399218940641788,83.99218940641788,100.0,0.0,0.0,150.0,2.0,0,1636.394818406903
1634.394818406903,3,moving,0.0,0.0,0.8399218940641788,83.99218940641788,100.0,0.0,0.0,150.0,2.0,0,1728.394818406903
1636.394818406903,1,moving,0.0,0.0,0.2334785758247336,23.34785758247336,100.0,0.0,0.0,150.0,2.0,0,2345.7071032894246
1636.394818406903,2,idle,0.0,0.0,0.8399218940641788,83.99218940641788,100.0,0.0,0.0,150.0,2.0,1,1636.394818406903
1636.394818406903,3,moving,0.0,0.0,0.8399218940641788,83.99218940641788,100.0,0.0,0.0,150.0,2.0,0,1728.394818406903
1664.394818406903,1,idle,0.0,0.0,0.2334785758247336,23.34785758247336,100.0,0.0,0.0,150.0,2.0,1,2345.7071032894246
1664.394818406903,2,moving,0.0,0.0,0.8399218940641788,83.99218940641788,100.0,0.0,0.0,150.0,2.0,0,1666.394818406903
1664.394818406903,3,moving,0.0,0.0,0.8399218940641788,83.99218940641788,100.0,0.0,0.0,150.0,2.0,0,1728.394818406903
1666.394818406903,1,moving,0.0,0.0,0.2334785758247336,23.34785758247336,100.0,0.0,0.0,150.0,2.0,0,2377.7071032894246
1666.394818406903,2,idle,0.0,0.0,0.8399218940641788,83.99218940641788,100.0,0.0,0.0,150.0,2.0,1,1666.394818406903
1666.394818406903,3,moving,0.0,0.0,0.8399218940641788,83.99218940641788,100.0,0.0,0.0,150.0,2.0,0,1728.394818406903
1696.394818406903,1,idle,0.0,0.0,0.2334785758247336,23.34785758247336,100.0,0.0,0.0,150.0,2.0,1,2377.7071032894246
1696.394818406903,2,moving,0.0,0.0,0.8399218940641788,83.99218940641788,100.0,0.0,0.0,150.0,2.0,0,1696.394818406903
1696.394818406903,3,moving,0.0,0.0,0.8399218940641788,83.99218940641788,100.0,0.0,0.0,150.0,2.0,0,1728.394818406903
1696.394818406903,1,moving,0.0,0.0,0.2334785758247336,23.34785758247336,100.0,0.0,0.0,150.0,2.0,0,2409.7071032894246
1696.394818406903,2,idle,0.0,0.0,0.8399218940641788,83.99218940641788,100.0,0.0,0.0,150.0,2.0,1,1696.394818406903
1696.394818406903,3,moving,0.0,0.0,0.8399218940641788,83.99218940641788,100.0,0.0,0.0,150.0,2.0,0,1728.394818406903
1726.394818406903,1,moving,0.0,0.0,0.2334785758247336,23.34785758247336,100.0,0.0,0.0,150.0,2.0,0,2409.7071032894246
1726.394818406903,2,idle,0.0,0.0,0.8399218940641788,83.99218940641788,100.0,0.0,0.0,150.0,2.0,1,1726.394818406903
1726.394818406903,3,moving,0.0,0.0,0.8399218940641788,83.99218940641788,100.0,0.0,0.0,150.0,2.0,0,1728.394818406903
1728.394818406903,1,moving,0.0,0.0,0.2334785758247336,23.34785758247336,100.0,0.0,0.0,150.0,2.0,0,2409.7071032894246
1728.394818406903,2,moving,0.0,0.0,0.8399218940641788,83.99218940641788,100.0,0.0,0.0,150.0,2.0,0,1760.394818406903
1728.394818406903,3,moving,0.0,0.0,0.8399218940641788,83.99218940641788,100.0,0.0,0.0,150.0,2.0,0,1728.394818406903
1728.394818406903,1,moving,0.0,0.0,0.2334785758247336,23.34785758247336,100.0,0.0,0.0,150.0,2.0,0,2441.7071032894246
1728.394818406903,2,moving,0.0,0.0,0.8399218940641788,83.99218940641788,100.0,0.0,0.0,150.0,2.0,0,1760.394818406903
1728.394818406903,3,idle,0.0,0.0,0.8399218940641788,83.99218940641788,100.0,0.0,0.0,150.0,2.0,1,1728.394818406903
1758.394818406903,1,moving,0.0,0.0,0.2334785758247336,23.34785758247336,100.0,0.0,0.0,150.0,2.0,0,2441.7071032894246
1758.394818406903,2,moving,0.0,0.0,0.8399218940641788,83.99218940641788,100.0,0.0,0.0,150.0,2.0,0,1760.394818406903
1758.394818406903,3,idle,0.0,0.0,0.8399218940641788,83.99218940641788,100.0,0.0,0.0,150.0,2.0,1,1758.394818406903
1760.394818406903,1,moving,0.0,0.0,0.2334785758247336,23.34785758247336,100.0,0.0,0.0,150.0,2.0,0,2441.7071032894246
1760.394818406903,2,idle,0.0,0.0,0.8399218940641788,83.99218940641788,100.0,0.0,0.0,150.0,2.0,1,1760.394818406903
1760.394818406903,3,moving,0.0,0.0,0.8399218940641788,83.99218940641788,100.0,0.0,0.0,150.0,2.0,0,1792.394818406903
1792.394818406903,1,moving,0.0,0.0,0.2334785758247336,23.34785758247336,100.0,0.0,0.0,150.0,2.0,0,2441.7071032894246
1792.394818406903,2,moving,0.0,0.0,0.8399218940641788,83.99218940641788,100.0,0.0,0.0,150.0,2.0,0,1824.394818406903
1792.394818406903,3,idle,0.0,0.0,0.8399218940641788,83.99218940641788,100.0,0.0,0.0,150.0,2.0,1,1792.394818406903
1824.394818406903,1,moving,0.0,0.0,0.2334785758247336,23.34785758247336,100.0,0.0,0.0,150.0,2.0,0,2441.7071032894246
1824.394818406903,2,moving,0.0,0.0,0.8399218940641788,83.99218940641788,100.0,0.0,0.0,150.0,2.0,0,1824.394818406903
1824.394818406903,3,moving,0.0,0.0,0.8399218940641788,83.99218940641788,100.0,0.0,0.0,150.0,2.0,0,1856.394818406903
1824.394818406903,1,moving,0.0,0.0,0.2334785758247336,23.34785758247336,100.0,0.0,0.0,150.0,2.0,0,2471.7071032894246
1824.394818406903,2,idle,0.0,0.0,0.8399218940641788,83.99218940641788,100.0,0.0,0.0,150.0,2.0,1,1824.394818406903
1824.394818406903,3,moving,0.0,0.0,0.8399218940641788,83.99218940641788,100.0,0.0,0.0,150.0,2.0,0,1856.394818406903
1848.699222458169,1,idle,0.0,0.0,0.2334785758247336,23.34785758247336,100.0,0.0,0.0,150.0,2.0,1,2471.7071032894246
1848.699222458169,2,moving,0.0,0.0,0.8399218940641788,83.99218940641788,100.0,0.0,0.0,150.0,2.0,0,1854.394818406903
1848.699222458169,3,moving,0.0,0.0,0.8399218940641788,83.99218940641788,100.0,0.0,0.0,150.0,2.0,0,1856.394818406903
1854.394818406903,1,moving,0.0,0.0,0.2334785758247336,23.34785758247336,100.0,0.0,0.0,150.0,2.0,0,2501.7071032894246
1854.394818406903,2,idle,0.0,0.0,0.8399218940641788,83.99218940641788,100.0,0.0,0.0,150.0,2.0,1,1854.394818406903
1854.394818406903,3,moving,0.0,0.0,0.8399218940641788,83.99218940641788,100.0,0.0,0.0,150.0,2.0,0,1856.394818406903
1856.394818406903,1,moving,0.0,0.0,0.2334785758247336,23.34785758247336,100.0,0.0,0.0,150.0,2.0,0,2501.7071032894246
1856.394818406903,2,moving,0.0,0.0,0.8399218940641788,83.99218940641788,100.0,0.0,0.0,150.0,2.0,0,2533.7071032894246
1856.394818406903,3,moving,0.0,0.0,0.8399218940641788,83.99218940641788,100.0,0.0,0.0,150.0,2.0,0,1856.394818406903
1856.394818406903,1,moving,0.0,0.0,0.2334785758247336,23.34785758247336,100.0,0.0,0.0,150.0,2.0,0,2531.7071032894246
1856.394818406903,2,moving,0.0,0.0,0.8399218940641788,83.99218940641788,100.0,0.0,0.0,150.0,2.0,0,2533.7071032894246
1856.394818406903,3,idle,0.0,0.0,0.8399218940641788,83.99218940641788,100.0,0.0,0.0,150.0,2.0,1,1856.394818406903
1886.394818406903,1,moving,0.0,0.0,0.2334785758247336,23.34785758247336,100.0,0.0,0.0,150.0,2.0,0,2531.7071032894246
1886.394818406903,2,moving,0.0,0.0,0.8399218940641788,83.99218940641788,100.0,0.0,0.0,150.0,2.0,0,2533.7071032894246
1886.394818406903,3,idle,0.0,0.0,0.8399218940641788,83.99218940641788,100.0,0.0,0.0,150.0,2.0,1,1886.394818406903
1909.7071032894244,1,idle,0.0,0.0,0.2334785758247336,23.34785758247336,100.0,0.0,0.0,150.0,2.0,1,2531.7071032894246
1909.7071032894244,2,moving,0.0,0.0,0.8399218940641788,83.99218940641788,100.0,0.0,0.0,150.0,2.0,0,2533.7071032894246
1909.7071032894244,3,moving,0.0,0.0,0.8399218940641788,83.99218940641788,100.0,0.0,0.0,150.0,2.0,0,2565.7071032894246
1941.7071032894244,1,idle,0.0,0.0,0.2334785758247336,23.34785758247336,100.0,0.0,0.0,150.0,2.0,1,2597.7071032894246
1941.7071032894244,2,moving,0.0,0.0,0.8399218940641788,83.99218940641788,100.0,0.0,0.0,150.0,2.0,0,2533.7071032894246
1941.7071032894244,3,moving,0.0,0.0,0.8399218940641788,83.99218940641788,100.0,0.0,0.0,150.0,2.0,0,2565.7071032894246
1971.7071032894244,1,idle,0.0,0.0,0.2334785758247336,23.34785758247336,100.0,0.0,0.0,150.0,2.0,1,2627.7071032894246
1971.7071032894244,2,moving,0.0,0.0,0.8399218940641788,83.99218940641788,100.0,0.0,0.0,150.0,2.0,0,2533.7071032894246
1971.7071032894244,3,moving,0.0,0.0,0.8399218940641788,83.99218940641788,100.0,0.0,0.0,150.0,2.0,0,2565.7071032894246
2001.7071032894244,1,idle,0.0,0.0,0.2334785758247336,23.34785758247336,100.0,0.0,0.0,150.0,2.0,1,2657.7071032894246
2001.7071032894244,2,moving,0.0,0.0,0.8399218940641788,83.99218940641788,100.0,0.0,0.0,150.0,2.0,0,2533.7071032894246
2001.7071032894244,3,moving,0.0,0.0,0.8399218940641788,83.99218940641788,100.0,0.0,0.0,150.0,2.0,0,2565.7071032894246
2033.7071032894244,1,idle,0.0,0.0,0.2334785758247336,23.34785758247336,100.0,0.0,0.0,150.0,2.0,1,2689.7071032894246
2033.7071032894244,2,moving,0.0,0.0,0.8399218940641788,83.99218940641788,100.0,0.0,0.0,150.0,2.0,0,2533.7071032894246
2033.7071032894244,3,moving,0.0,0.0,0.8399218940641788,83.99218940641788,100.0,0.0,0.0,150.0,2.0,0,2565.7071032894246
2065.7071032894246,1,idle,0.0,0.0,0.2334785758247336,23.34785758247336,100.0,0.0,0.0,150.0,2.0,1,2719.7071032894246
2065.7071032894246,2,moving,0.0,0.0,0.8399218940641788,83.99218940641788,100.0,0.0,0.0,150.0,2.0,0,2533.7071032894246
2065.7071032894246,3,moving,0.0,0.0,0.8399218940641788,83.99218940641788,100.0,0.0,0.0,150.0,2.0,0,2565.7071032894246
2095.7071032894246,1,idle,0.0,0.0,0.2334785758247336,23.34785758247336,100.0,0.0,0.0,150.0,2.0,1,2749.7071032894246
2095.7071032894246,2,moving,0.0,0.0,0.8399218940641788,83.99218940641788,100.0,0.0,0.0,150.0,2.0,0,2533.7071032894246
2095.7071032894246,3,moving,0.0,0.0,0.8399218940641788,83.99218940641788,100.0,0.0,0.0,150.0,2.0,0,2565.7071032894246
2125.7071032894246,1,idle,0.0,0.0,0.2334785758247336,23.34785758247336,100.0,0.0,0.0,150.0,2.0,1,2781.7071032894246
2125.7071032894246,2,moving,0.0,0.0,0.8399218940641788,83.99218940641788,100.0,0.0,0.0,150.0,2.0,0,2533.7071032894246
2125.7071032894246,3,moving,0.0,0.0,0.8399218940641788,83.99218940641788,100.0,0.0,0.0,150.0,2.0,0,2565.7071032894246
2157.7071032894246,1,idle,0.0,0.0,0.2334785758247336,23.34785758247336,100.0,0.0,0.0,150.0,2.0,1,2811.7071032894246
2157.7071032894246,2,moving,0.0,0.0,0.8399218940641788,83.99218940641788,100.0,0.0,0.0,150.0,2.0,0,2533.7071032894246
2157.7071032894246,3,moving,0.0,0.0,0.8399218940641788,83.99218940641788,100.0,0.0,0.0,150.0,2.0,0,2565.7071032894246
2187.7071032894246,1,idle,0.0,0.0,0.2334785758247336,23.34785758247336,100.0,0.0,0.0,150.0,2.0,1,2841.7071032894246
2187.7071032894246,2,moving,0.0,0.0,0.8399218940641788,83.99218940641788,100.0,0.0,0.0,150.0,2.0,0,2533.7071032894246
2187.7071032894246,3,moving,0.0,0.0,0.8399218940641788,83.99218940641788,100.0,0.0,0.0,150.0,2.0,0,2565.7071032894246
2217.7071032894246,1,idle,0.0,0.0,0.2334785758247336,23.34785758247336,100.0,0.0,0.0,150.0,2.0,1,2873.7071032894246
2217.7071032894246,2,moving,0.0,0.0,0.8399218940641788,83.99218940641788,100.0,0.0,0.0,150.0,2.0,0,2533.7071032894246
2217.7071032894246,3,moving,0.0,0.0,0.8399218940641788,83.99218940641788,100.0,0.0,0.0,150.0,2.0,0,2565.7071032894246
2249.7071032894246,1,idle,0.0,0.0,0.2334785758247336,23.34785758247336,100.0,0.0,0.0,150.0,2.0,1,2903.7071032894246
2249.7071032894246,2,moving,0.0,0.0,0.8399218940641788,83.99218940641788,100.0,0.0,0.0,150.0,2.0,0,2533.7071032894246
2249.7071032894246,3,moving,0.0,0.0,0.8399218940641788,83.99218940641788,100.0,0.0,0.0,150.0,2.0,0,2565.7071032894246
2281.7071032894246,1,idle,0.0,0.0,0.2334785758247336,23.34785758247336,100.0,0.0,0.0,150.0,2.0,1,2933.7071032894246
2281.7071032894246,2,moving,0.0,0.0,0.8399218940641788,83.99218940641788,100.0,0.0,0.0,150.0,2.0,0,2533.7071032894246
2281.7071032894246,3,moving,0.0,0.0,0.8399218940641788,83.99218940641788,100.0,0.0,0.0,150.0,2.0,0,2565.7071032894246
2313.7071032894246,1,idle,0.0,0.0,0.2334785758247336,23.34785758247336,100.0,0.0,0.0,150.0,2.0,1,2963.7071032894246
2313.7071032894246,2,moving,0.0,0.0,0.8399218940641788,83.99218940641788,100.0,0.0,0.0,150.0,2.0,0,2533.7071032894246
2313.7071032894246,3,moving,0.0,0.0,0.8399218940641788,83.99218940641788,100.0,0.0,0.0,150.0,2.0,0,2565.7071032894246
2345.7071032894246,1,idle,0.0,0.0,0.2334785758247336,23.34785758247336,100.0,0.0,0.0,150.0,2.0,1,2993.7071032894246
2345.7071032894246,2,moving,0.0,0.0,0.8399218940641788,83.99218940641788,100.0,0.0,0.0,150.0,2.0,0,2533.7071032894246
2345.7071032894246,3,moving,0.0,0.0,0.8399218940641788,83.99218940641788,100.0,0.0,0.0,150.0,2.0,0,2565.7071032894246
2377.7071032894246,1,idle,0.0,0.0,0.2334785758247336,23.34785758247336,100.0,0.0,0.0,150.0,2.0,1,3023.7071032894246
2377.7071032894246,2,moving,0.0,0.0,0.8399218940641788,83.99218940641788,100.0,0.0,0.0,150.0,2.0,0,2533.7071032894246
2377.7071032894246,3,moving,0.0,0.0,0.8399218940641788,83.99218940641788,100.0,0.0,0.0,150.0,2.0,0,2565.7071032894246
2409.7071032894246,1,idle,0.0,0.0,0.2334785758247336,23.34785758247336,100.0,0.0,0.0,150.0,2.0,1,3055.7071032894246
2409.7071032894246,2,moving,0.0,0.0,0.8399218940641788,83.99218940641788,100.0,0.0,0.0,150.0,2.0,0,2533.7071032894246
2409.7071032894246,3,moving,0.0,0.0,0.8399218940641788,83.99218940641788,100.0,0.0,0.0,150.0,2.0,0,2565.7071032894246
2441.7071032894246,1,idle,0.0,0.0,0.2334785758247336,23.34785758247336,100.0,0.0,0.0,150.0,2.0,1,3087.7071032894246
2441.7071032894246,2,moving,0.0,0.0,0.8399218940641788,83.99218940641788,100.0,0.0,0.0,150.0,2.0,0,2533.7071032894246
2441.7071032894246,3,moving,0.0,0.0,0.8399218940641788,83.99218940641788,100.0,0.0,0.0,150.0,2.0,0,2565.7071032894246
2471.7071032894246,1,idle,0.0,0.0,0.2334785758247336,23.34785758247336,100.0,0.0,0.0,150.0,2.0,1,3119.7071032894246
2471.7071032894246,2,moving,0.0,0.0,0.8399218940641788,83.99218940641788,100.0,0.0,0.0,150.0,2.0,0,2533.7071032894246
2471.7071032894246,3,moving,0.0,0.0,0.8399218940641788,83.99218940641788,100.0,0.0,0.0,150.0,2.0,0,2565.7071032894246
2501.7071032894246,1,idle,0.0,0.0,0.2334785758247336,23.34785758247336,100.0,0.0,0.0,150.0,2.0,1,3149.7071032894246
2501.7071032894246,2,moving,0.0,0.0,0.8399218940641788,83.99218940641788,100.0,0.0,0.0,150.0,2.0,0,2533.7071032894246
2501.7071032894246,3,moving,0.0,0.0,0.8399218940641788,83.99218940641788,100.0,0.0,0.0,150.0,2.0,0,2565.7071032894246
2531.7071032894246,1,idle,0.0,0.0,0.2334785758247336,23.34785758247336,100.0,0.0,0.0,150.0,2.0,1,3179.7071032894246
2531.7071032894246,2,moving,0.0,0.0,0.8399218940641788,83.99218940641788,100.0,0.0,0.0,150.0,2.0,0,2533.7071032894246
2531.7071032894246,3,moving,0.0,0.0,0.8399218940641788,83.99218940641788,100.0,0.0,0.0,150.0,2.0,0,2565.7071032894246
2533.7071032894246,1,moving,0.0,0.0,0.2334785758247336,23.34785758247336,100.0,0.0,0.0,150.0,2.0,0,3209.7071032894246
2533.7071032894246,2,moving,0.0,0.0,0.8399218940641788,83.99218940641788,100.0,0.0,0.0,150.0,2.0,0,2533.7071032894246
2533.7071032894246,3,moving,0.0,0.0,0.8399218940641788,83.99218940641788,100.0,0.0,0.0,150.0,2.0,0,2565.7071032894246
2533.7071032894246,1,moving,0.0,0.0,0.2334785758247336,23.34785758247336,100.0,0.0,0.0,150.0,2.0,0,3241.7071032894246
2533.7071032894246,2,idle,0.0,0.0,0.8399218940641788,83.99218940641788,100.0,0.0,0.0,150.0,2.0,1,2533.7071032894246
2533.7071032894246,3,moving,0.0,0.0,0.8399218940641788,83.99218940641788,100.0,0.0,0.0,150.0,2.0,0,2565.7071032894246
2565.7071032894246,1,moving,0.0,0.0,0.2334785758247336,23.34785758247336,100.0,0.0,0.0,150.0,2.0,0,3241.7071032894246
2565.7071032894246,2,moving,0.0,0.0,0.8399218940641788,83.99218940641788,100.0,0.0,0.0,150.0,2.0,0,2965.7071032894246
2565.7071032894246,3,moving,0.0,0.0,0.8399218940641788,83.99218940641788,100.0,0.0,0.0,150.0,2.0,0,2565.7071032894246
2565.7071032894246,1,moving,0.0,0.0,0.2334785758247336,23.34785758247336,100.0,0.0,0.0,150.0,2.0,0,3273.7071032894246
2565.7071032894246,2,moving,0.0,0.0,0.8399218940641788,83.99218940641788,100.0,0.0,0.0,150.0,2.0,0,2965.7071032894246
2565.7071032894246,3,idle,0.0,0.0,0.8399218940641788,83.99218940641788,100.0,0.0,0.0,150.0,2.0,1,2565.7071032894246
2597.7071032894246,1,moving,0.0,0.0,0.2334785758247336,23.34785758247336,100.0,0.0,0.0,150.0,2.0,0,3273.7071032894246
2597.7071032894246,2,moving,0.0,0.0,0.8399218940641788,83.99218940641788,100.0,0.0,0.0,150.0,2.0,0,2965.7071032894246
2597.7071032894246,3,moving,0.0,0.0,0.8399218940641788,83.99218940641788,100.0,0.0,0.0,150.0,2.0,0,3151.7071032894246
2597.7071032894246,1,idle,0.0,0.0,0.2334785758247336,23.34785758247336,100.0,0.0,0.0,150.0,2.0,1,3305.7071032894246
2597.7071032894246,2,moving,0.0,0.0,0.8399218940641788,83.99218940641788,100.0,0.0,0.0,150.0,2.0,0,2965.7071032894246
2597.7071032894246,3,moving,0.0,0.0,0.8399218940641788,83.99218940641788,100.0,0.0,0.0,150.0,2.0,0,3151.7071032894246
2627.7071032894246,1,idle,0.0,0.0,0.2334785758247336,23.34785758247336,100.0,0.0,0.0,150.0,2.0,1,3337.7071032894246
2627.7071032894246,2,moving,0.0,0.0,0.8399218940641788,83.99218940641788,100.0,0.0,0.0,150.0,2.0,0,2965.7071032894246
2627.7071032894246,3,moving,0.0,0.0,0.8399218940641788,83.99218940641788,100.0,0.0,0.0,150.0,2.0,0,3151.7071032894246
2657.7071032894246,1,idle,0.0,0.0,0.2334785758247336,23.34785758247336,100.0,0.0,0.0,150.0,2.0,1,3369.7071032894246
2657.7071032894246,2,moving,0.0,0.0,0.8399218940641788,83.99218940641788,100.0,0.0,0.0,150.0,2.0,0,2965.7071032894246
2657.7071032894246,3,moving,0.0,0.0,0.8399218940641788,83.99218940641788,100.0,0.0,0.0,150.0,2.0,0,3151.7071032894246
2689.7071032894246,1,idle,0.0,0.0,0.2334785758247336,23.34785758247336,100.0,0.0,0.0,150.0,2.0,1,3399.7071032894246
2689.7071032894246,2,moving,0.0,0.0,0.8399218940641788,83.99218940641788,100.0,0.0,0.0,150.0,2.0,0,2965.7071032894246
2689.7071032894246,3,moving,0.0,0.0,0.8399218940641788,83.99218940641788,100.0,0.0,0.0,150.0,2.0,0,3151.7071032894246
2719.7071032894246,1,idle,0.0,0.0,0.2334785758247336,23.34785758247336,100.0,0.0,0.0,150.0,2.0,1,3429.7071032894246
2719.7071032894246,2,moving,0.0,0.0,0.8399218940641788,83.99218940641788,100.0,0.0,0.0,150.0,2.0,0,2965.7071032894246
2719.7071032894246,3,moving,0.0,0.0,0.8399218940641788,83.99218940641788,100.0,0.0,0.0,150.0,2.0,0,3151.7071032894246
2749.7071032894246,1,idle,0.0,0.0,0.2334785758247336,23.34785758247336,100.0,0.0,0.0,150.0,2.0,1,3459.7071032894246
2749.7071032894246,2,moving,0.0,0.0,0.8399218940641788,83.99218940641788,100.0,0.0,0.0,150.0,2.0,0,2965.7071032894246
2749.7071032894246,3,moving,0.0,0.0,0.8399218940641788,83.99218940641788,100.0,0.0,0.0,150.0,2.0,0,3151.7071032894246
2781.7071032894246,1,idle,0.0,0.0,0.2334785758247336,23.34785758247336,100.0,0.0,0.0,150.0,2.0,1,3489.7071032894246
2781.7071032894246,2,moving,0.0,0.0,0.8399218940641788,83.99218940641788,100.0,0.0,0.0,150.0,2.0,0,2965.7071032894246
2781.7071032894246,3,moving,0.0,0.0,0.8399218940641788,83.99218940641788,100.0,0.0,0.0,150.0,2.0,0,3151.7071032894246
2811.7071032894246,1,idle,0.0,0.0,0.2334785758247336,23.34785758247336,100.0,0.0,0.0,150.0,2.0,1,3519.7071032894246
2811.7071032894246,2,moving,0.0,0.0,0.8399218940641788,83.99218940641788,100.0,0.0,0.0,150.0,2.0,0,2965.7071032894246
2811.7071032894246,3,moving,0.0,0.0,0.8399218940641788,83.99218940641788,100.0,0.0,0.0,150.0,2.0,0,3151.7071032894246
2841.7071032894246,1,idle,0.0,0.0,0.2334785758247336,23.34785758247336,100.0,0.0,0.0,150.0,2.0,1,3549.7071032894246
2841.7071032894246,2,moving,0.0,0.0,0.8399218940641788,83.99218940641788,100.0,0.0,0.0,150.0,2.0,0,2965.7071032894246
2841.7071032894246,3,moving,0.0,0.0,0.8399218940641788,83.99218940641788,100.0,0.0,0.0,150.0,2.0,0,3151.7071032894246
2873.7071032894246,1,idle,0.0,0.0,0.2334785758247336,23.34785758247336,100.0,0.0,0.0,150.0,2.0,1,3579.7071032894246
2873.7071032894246,2,moving,0.0,0.0,0.8399218940641788,83.99218940641788,100.0,0.0,0.0,150.0,2.0,0,2965.7071032894246
2873.7071032894246,3,moving,0.0,0.0,0.8399218940641788,83.99218940641788,100.0,0.0,0.0,150.0,2.0,0,3151.7071032894246
2903.7071032894246,1,idle,0.0,0.0,0.2334785758247336,23.34785758247336,100.0,0.0,0.0,150.0,2.0,1,3609.7071032894246
2903.7071032894246,2,moving,0.0,0.0,0.8399218940641788,83.99218940641788,100.0,0.0,0.0,150.0,2.0,0,2965.7071032894246
2903.7071032894246,3,moving,0.0,0.0,0.8399218940641788,83.99218940641788,100.0,0.0,0.0,150.0,2.0,0,3151.7071032894246
2933.7071032894246,1,idle,0.0,0.0,0.2334785758247336,23.34785758247336,100.0,0.0,0.0,150.0,2.0,1,3641.7071032894246
2933.7071032894246,2,moving,0.0,0.0,0.8399218940641788,83.99218940641788,100.0,0.0,0.0,150.0,2.0,0,2965.7071032894246
2933.7071032894246,3,moving,0.0,0.0,0.8399218940641788,83.99218940641788,100.0,0.0,0.0,150.0,2.0,0,3151.7071032894246
2963.7071032894246,1,idle,0.0,0.0,0.2334785758247336,23.34785758247336,100.0,0.0,0.0,150.0,2.0,1,3673.7071032894246
2963.7071032894246,2,moving,0.0,0.0,0.8399218940641788,83.99218940641788,100.0,0.0,0.0,150.0,2.0,0,2965.7071032894246
2963.7071032894246,3,moving,0.0,0.0,0.8399218940641788,83.99218940641788,100.0,0.0,0.0,150.0,2.0,0,3151.7071032894246
2965.7071032894246,1,moving,0.0,0.0,0.2334785758247336,23.34785758247336,100.0,0.0,0.0,150.0,2.0,0,3703.7071032894246
2965.7071032894246,2,moving,0.0,0.0,0.8399218940641788,83.99218940641788,100.0,0.0,0.0,150.0,2.0,0,2965.7071032894246
2965.7071032894246,3,moving,0.0,0.0,0.8399218940641788,83.99218940641788,100.0,0.0,0.0,150.0,2.0,0,3151.7071032894246
2965.7071032894246,1,moving,0.0,0.0,0.2334785758247336,23.34785758247336,100.0,0.0,0.0,150.0,2.0,0,3733.7071032894246
2965.7071032894246,2,idle,0.0,0.0,0.8399218940641788,83.99218940641788,100.0,0.0,0.0,150.0,2.0,1,2965.7071032894246
2965.7071032894246,3,moving,0.0,0.0,0.8399218940641788,83.99218940641788,100.0,0.0,0.0,150.0,2.0,0,3151.7071032894246
2993.7071032894246,1,idle,0.0,0.0,0.2334785758247336,23.34785758247336,100.0,0.0,0.0,150.0,2.0,1,3733.7071032894246
2993.7071032894246,2,moving,0.0,0.0,0.8399218940641788,83.99218940641788,100.0,0.0,0.0,150.0,2.0,0,2995.7071032894246
2993.7071032894246,3,moving,0.0,0.0,0.8399218940641788,83.99218940641788,100.0,0.0,0.0,150.0,2.0,0,3151.7071032894246
2995.7071032894246,1,moving,0.0,0.0,0.2334785758247336,23.34785758247336,100.0,0.0,0.0,150.0,2.0,0,3765.7071032894246
2995.7071032894246,2,idle,0.0,0.0,0.8399218940641788,83.99218940641788,100.0,0.0,0.0,150.0,2.0,1,2995.7071032894246
2995.7071032894246,3,moving,0.0,0.0,0.8399218940641788,83.99218940641788,100.0,0.0,0.0,150.0,2.0,0,3151.7071032894246
3023.7071032894246,1,idle,0.0,0.0,0.2334785758247336,23.34785758247336,100.0,0.0,0.0,150.0,2.0,1,3765.7071032894246
3023.7071032894246,2,moving,0.0,0.0,0.8399218940641788,83.99218940641788,100.0,0.0,0.0,150.0,2.0,0,3401.7071032894246
3023.7071032894246,3,moving,0.0,0.0,0.8399218940641788,83.99218940641788,100.0,0.0,0.0,150.0,2.0,0,3151.7071032894246
3055.7071032894246,1,idle,0.0,0.0,0.2334785758247336,23.34785758247336,100.0,0.0,0.0,150.0,2.0,1,3797.7071032894246
3055.7071032894246,2,moving,0.0,0.0,0.8399218940641788,83.99218940641788,100.0,0.0,0.0,150.0,2.0,0,3401.7071032894246
3055.7071032894246,3,moving,0.0,0.0,0.8399218940641788,83.99218940641788,100.0,0.0,0.0,150.0,2.0,0,3151.7071032894246
3087.7071032894246,1,idle,0.0,0.0,0.2334785758247336,23.34785758247336,100.0,0.0,0.0,150.0,2.0,1,3829.7071032894246
3087.7071032894246,2,moving,0.0,0.0,0.8399218940641788,83.99218940641788,100.0,0.0,0.0,150.0,2.0,0,3401.7071032894246
3087.7071032894246,3,moving,0.0,0.0,0.8399218940641788,83.99218940641788,100.0,0.0,0.0,150.0,2.0,0,3151.7071032894246
3119.7071032894246,1,idle,0.0,0.0,0.2334785758247336,23.34785758247336,100.0,0.0,0.0,150.0,2.0,1,3859.7071032894246
3119.7071032894246,2,moving,0.0,0.0,0.8399218940641788,83.99218940641788,100.0,0.0,0.0,150.0,2.0,0,3401.7071032894246
3119.7071032894246,3,moving,0.0,0.0,0.8399218940641788,83.99218940641788,100.0,0.0,0.0,150.0,2.0,0,3151.7071032894246
3149.7071032894246,1,idle,0.0,0.0,0.2334785758247336,23.34785758247336,100.0,0.0,0.0,150.0,2.0,1,3889.7071032894246
3149.7071032894246,2,moving,0.0,0.0,0.8399218940641788,83.99218940641788,100.0,0.0,0.0,150.0,2.0,0,3401.7071032894246
3149.7071032894246,3,moving,0.0,0.0,0.8399218940641788,83.99218940641788,100.0,0.0,0.0,150.0,2.0,0,3151.7071032894246
3151.7071032894246,1,moving,0.0,0.0,0.2334785758247336,23.34785758247336,100.0,0.0,0.0,150.0,2.0,0,3919.7071032894246
3151.7071032894246,2,moving,0.0,0.0,0.8399218940641788,83.99218940641788,100.0,0.0,0.0,150.0,2.0,0,3401.7071032894246
3151.7071032894246,3,moving,0.0,0.0,0.8399218940641788,83.99218940641788,100.0,0.0,0.0,150.0,2.0,0,3151.7071032894246
3151.7071032894246,1,moving,0.0,0.0,0.2334785758247336,23.34785758247336,100.0,0.0,0.0,150.0,2.0,0,3949.7071032894246
3151.7071032894246,2,moving,0.0,0.0,0.8399218940641788,83.99218940641788,100.0,0.0,0.0,150.0,2.0,0,3401.7071032894246
3151.7071032894246,3,idle,0.0,0.0,0.8399218940641788,83.99218940641788,100.0,0.0,0.0,150.0,2.0,1,3151.7071032894246
3179.7071032894246,1,idle,0.0,0.0,0.2334785758247336,23.34785758247336,100.0,0.0,0.0,150.0,2.0,1,3949.7071032894246
3179.7071032894246,2,moving,0.0,0.0,0.8399218940641788,83.99218940641788,100.0,0.0,0.0,150.0,2.0,0,3401.7071032894246
3179.7071032894246,3,moving,0.0,0.0,0.8399218940641788,83.99218940641788,100.0,0.0,0.0,150.0,2.0,0,3433.7071032894246
3209.7071032894246,1,idle,0.0,0.0,0.2334785758247336,23.34785758247336,100.0,0.0,0.0,150.0,2.0,1,3981.7071032894246
3209.7071032894246,2,moving,0.0,0.0,0.8399218940641788,83.99218940641788,100.0,0.0,0.0,150.0,2.0,0,3401.7071032894246
3209.7071032894246,3,moving,0.0,0.0,0.8399218940641788,83.99218940641788,100.0,0.0,0.0,150.0,2.0,0,3433.7071032894246
3241.7071032894246,1,idle,0.0,0.0,0.2334785758247336,23.34785758247336,100.0,0.0,0.0,150.0,2.0,1,4011.7071032894246
3241.7071032894246,2,moving,0.0,0.0,0.8399218940641788,83.99218940641788,100.0,0.0,0.0,150.0,2.0,0,3401.7071032894246
3241.7071032894246,3,moving,0.0,0.0,0.8399218940641788,83.99218940641788,100.0,0.0,0.0,150.0,2.0,0,3433.7071032894246
3273.7071032894246,1,idle,0.0,0.0,0.2334785758247336,23.34785758247336,100.0,0.0,0.0,150.0,2.0,1,4041.7071032894246
3273.7071032894246,2,moving,0.0,0.0,0.8399218940641788,83.99218940641788,100.0,0.0,0.0,150.0,2.0,0,3401.7071032894246
3273.7071032894246,3,moving,0.0,0.0,0.8399218940641788,83.99218940641788,100.0,0.0,0.0,150.0,2.0,0,3433.7071032894246
3305.7071032894246,1,idle,0.0,0.0,0.2334785758247336,23.34785758247336,100.0,0.0,0.0,150.0,2.0,1,4073.7071032894246
3305.7071032894246,2,moving,0.0,0.0,0.8399218940641788,83.99218940641788,100.0,0.0,0.0,150.0,2.0,0,3401.7071032894246
3305.7071032894246,3,moving,0.0,0.0,0.8399218940641788,83.99218940641788,100.0,0.0,0.0,150.0,2.0,0,3433.7071032894246
3337.7071032894246,1,idle,0.0,0.0,0.2334785758247336,23.34785758247336,100.0,0.0,0.0,150.0,2.0,1,4103.707103289425
3337.7071032894246,2,moving,0.0,0.0,0.8399218940641788,83.99218940641788,100.0,0.0,0.0,150.0,2.0,0,3401.7071032894246
3337.7071032894246,3,moving,0.0,0.0,0.8399218940641788,83.99218940641788,100.0,0.0,0.0,150.0,2.0,0,3433.7071032894246
3369.7071032894246,1,idle,0.0,0.0,0.2334785758247336,23.34785758247336,100.0,0.0,0.0,150.0,2.0,1,4133.707103289425
3369.7071032894246,2,moving,0.0,0.0,0.8399218940641788,83.99218940641788,100.0,0.0,0.0,150.0,2.0,0,3401.7071032894246
3369.7071032894246,3,moving,0.0,0.0,0.8399218940641788,83.99218940641788,100.0,0.0,0.0,150.0,2.0,0,3433.7071032894246
3399.7071032894246,1,idle,0.0,0.0,0.2334785758247336,23.34785758247336,100.0,0.0,0.0,150.0,2.0,1,4165.707103289425
3399.7071032894246,2,moving,0.0,0.0,0.8399218940641788,83.99218940641788,100.0,0.0,0.0,150.0,2.0,0,3401.7071032894246
3399.7071032894246,3,moving,0.0,0.0,0.8399218940641788,83.99218940641788,100.0,0.0,0.0,150.0,2.0,0,3433.7071032894246
3401.7071032894246,1,moving,0.0,0.0,0.2334785758247336,23.34785758247336,100.0,0.0,0.0,150.0,2.0,0,4197.707103289425
3401.7071032894246,2,moving,0.0,0.0,0.8399218940641788,83.99218940641788,100.0,0.0,0.0,150.0,2.0,0,3401.7071032894246
3401.7071032894246,3,moving,0.0,0.0,0.8399218940641788,83.99218940641788,100.0,0.0,0.0,150.0,2.0,0,3433.7071032894246
3401.7071032894246,1,moving,0.0,0.0,0.2334785758247336,23.34785758247336,100.0,0.0,0.0,150.0,2.0,0,4229.707103289425
3401.7071032894246,2,idle,0.0,0.0,0.8399218940641788,83.99218940641788,100.0,0.0,0.0,150.0,2.0,1,3401.7071032894246
3401.7071032894246,3,moving,0.0,0.0,0.8399218940641788,83.99218940641788,100.0,0.0,0.0,150.0,2.0,0,3433.7071032894246
3429.7071032894246,1,idle,0.0,0.0,0.2334785758247336,23.34785758247336,100.0,0.0,0.0,150.0,2.0,1,4229.707103289425
3429.7071032894246,2,moving,0.0,0.0,0.8399218940641788,83.99218940641788,100.0,0.0,0.0,150.0,2.0,0,3465.7071032894246
3429.7071032894246,3,moving,0.0,0.0,0.8399218940641788,83.99218940641788,100.0,0.0,0.0,150.0,2.0,0,3433.7071032894246
3433.7071032894246,1,moving,0.0,0.0,0.2334785758247336,23.34785758247336,100.0,0.0,0.0,150.0,2.0,0,4261.707103289425
3433.7071032894246,2,moving,0.0,0.0,0.8399218940641788,83.99218940641788,100.0,0.0,0.0,150.0,2.0,0,3465.7071032894246
3433.7071032894246,3,moving,0.0,0.0,0.8399218940641788,83.99218940641788,100.0,0.0,0.0,150.0,2.0,0,3433.7071032894246
3433.7071032894246,1,moving,0.0,0.0,0.2334785758247336,23.34785758247336,100.0,0.0,0.0,150.0,2.0,0,4293.707103289425
3433.7071032894246,2,moving,0.0,0.0,0.8399218940641788,83.99218940641788,100.0,0.0,0.0,150.0,2.0,0,3465.7071032894246
3433.7071032894246,3,idle,0.0,0.0,0.8399218940641788,83.99218940641788,100.0,0.0,0.0,150.0,2.0,1,3433.7071032894246
3459.7071032894246,1,idle,0.0,0.0,0.2334785758247336,23.34785758247336,100.0,0.0,0.0,150.0,2.0,1,4293.707103289425
3459.7071032894246,2,moving,0.0,0.0,0.8399218940641788,83.99218940641788,100.0,0.0,0.0,150.0,2.0,0,3465.7071032894246
3459.7071032894246,3,moving,0.0,0.0,0.8399218940641788,83.99218940641788,100.0,0.0,0.0,150.0,2.0,0,3497.7071032894246
3465.7071032894246,1,moving,0.0,0.0,0.2334785758247336,23.34785758247336,100.0,0.0,0.0,150.0,2.0,0,4325.707103289425
3465.7071032894246,2,moving,0.0,0.0,0.8399218940641788,83.99218940641788,100.0,0.0,0.0,150.0,2.0,0,3465.7071032894246
3465.7071032894246,3,moving,0.0,0.0,0.8399218940641788,83.99218940641788,100.0,0.0,0.0,150.0,2.0,0,3497.7071032894246
3465.7071032894246,1,moving,0.0,0.0,0.2334785758247336,23.34785758247336,100.0,0.0,0.0,150.0,2.0,0,4357.707103289425
3465.7071032894246,2,idle,0.0,0.0,0.8399218940641788,83.99218940641788,100.0,0.0,0.0,150.0,2.0,1,3465.7071032894246
3465.7071032894246,3,moving,0.0,0.0,0.8399218940641788,83.99218940641788,100.0,0.0,0.0,150.0,2.0,0,3497.7071032894246
3489.7071032894246,1,idle,0.0,0.0,0.2334785758247336,23.34785758247336,100.0,0.0,0.0,150.0,2.0,1,4357.707103289425
3489.7071032894246,2,moving,0.0,0.0,0.8399218940641788,83.99218940641788,100.0,0.0,0.0,150.0,2.0,0,3495.7071032894246
3489.7071032894246,3,moving,0.0,0.0,0.8399218940641788,83.99218940641788,100.0,0.0,0.0,150.0,2.0,0,3497.7071032894246
3495.7071032894246,1,moving,0.0,0.0,0.2334785758247336,23.34785758247336,100.0,0.0,0.0,150.0,2.0,0,4387.707103289425
3495.7071032894246,2,idle,0.0,0.0,0.8399218940641788,83.99218940641788,100.0,0.0,0.0,150.0,2.0,1,3495.7071032894246
3495.7071032894246,3,moving,0.0,0.0,0.8399218940641788,83.99218940641788,100.0,0.0,0.0,150.0,2.0,0,3497.7071032894246
3497.7071032894246,1,moving,0.0,0.0,0.2334785758247336,23.34785758247336,100.0,0.0,0.0,150.0,2.0,0,4387.707103289425
3497.7071032894246,2,moving,0.0,0.0,0.8399218940641788,83.99218940641788,100.0,0.0,0.0,150.0,2.0,0,3529.7071032894246
3497.7071032894246,3,moving,0.0,0.0,0.8399218940641788,83.99218940641788,100.0,0.0,0.0,150.0,2.0,0,3497.7071032894246
3497.7071032894246,1,moving,0.0,0.0,0.2334785758247336,23.34785758247336,100.0,0.0,0.0,150.0,2.0,0,4417.707103289425
3497.7071032894246,2,moving,0.0,0.0,0.8399218940641788,83.99218940641788,100.0,0.0,0.0,150.0,2.0,0,3529.7071032894246
3497.7071032894246,3,idle,0.0,0.0,0.8399218940641788,83.99218940641788,100.0,0.0,0.0,150.0,2.0,1,3497.7071032894246
3519.7071032894246,1,idle,0.0,0.0,0.2334785758247336,23.34785758247336,100.0,0.0,0.0,150.0,2.0,1,4417.707103289425
3519.7071032894246,2,moving,0.0,0.0,0.8399218940641788,83.99218940641788,100.0,0.0,0.0,150.0,2.0,0,3529.7071032894246
3519.7071032894246,3,moving,0.0,0.0,0.8399218940641788,83.99218940641788,100.0,0.0,0.0,150.0,2.0,0,3561.7071032894246
3529.7071032894246,1,moving,0.0,0.0,0.2334785758247336,23.34785758247336,100.0,0.0,0.0,150.0,2.0,0,4447.707103289425
3529.7071032894246,2,idle,0.0,0.0,0.8399218940641788,83.99218940641788,100.0,0.0,0.0,150.0,2.0,1,3529.7071032894246
3529.7071032894246,3,moving,0.0,0.0,0.8399218940641788,83.99218940641788,100.0,0.0,0.0,150.0,2.0,0,3561.7071032894246
3549.7071032894246,1,idle,0.0,0.0,0.2334785758247336,23.34785758247336,100.0,0.0,0.0,150.0,2.0,1,4447.707103289425
3549.7071032894246,2,moving,0.0,0.0,0.8399218940641788,83.99218940641788,100.0,0.0,0.0,150.0,2.0,0,4449.707103289425
3549.7071032894246,3,moving,0.0,0.0,0.8399218940641788,83.99218940641788,100.0,0.0,0.0,150.0,2.0,0,3561.7071032894246
3561.7071032894246,1,moving,0.0,0.0,0.2334785758247336,23.34785758247336,100.0,0.0,0.0,150.0,2.0,0,4481.707103289425
3561.7071032894246,2,moving,0.0,0.0,0.8399218940641788,83.99218940641788,100.0,0.0,0.0,150.0,2.0,0,4449.707103289425
3561.7071032894246,3,moving,0.0,0.0,0.8399218940641788,83.99218940641788,100.0,0.0,0.0,150.0,2.0,0,3561.7071032894246
3561.7071032894246,1,moving,0.0,0.0,0.2334785758247336,23.34785758247336,100.0,0.0,0.0,150.0,2.0,0,4511.707103289425
3561.7071032894246,2,moving,0.0,0.0,0.8399218940641788,83.99218940641788,100.0,0.0,0.0,150.0,2.0,0,4449.707103289425
3561.7071032894246,3,idle,0.0,0.0,0.8399218940641788,83.99218940641788,100.0,0.0,0.0,150.0,2.0,1,3561.7071032894246
3579.7071032894246,1,idle,0.0,0.0,0.2334785758247336,23.34785758247336,100.0,0.0,0.0,150.0,2.0,1,4511.707103289425
3579.7071032894246,2,moving,0.0,0.0,0.8399218940641788,83.99218940641788,100.0,0.0,0.0,150.0,2.0,0,4449.707103289425
3579.7071032894246,3,moving,0.0,0.0,0.8399218940641788,83.99218940641788,100.0,0.0,0.0,150.0,2.0,0,4513.707103289425
3609.7071032894246,1,idle,0.0,0.0,0.2334785758247336,23.34785758247336,100.0,0.0,0.0,150.0,2.0,1,4541.707103289425
3609.7071032894246,2,moving,0.0,0.0,0.8399218940641788,83.99218940641788,100.0,0.0,0.0,150.0,2.0,0,4449.707103289425
3609.7071032894246,3,moving,0.0,0.0,0.8399218940641788,83.99218940641788,100.0,0.0,0.0,150.0,2.0,0,4513.707103289425
3641.7071032894246,1,idle,0.0,0.0,0.2334785758247336,23.34785758247336,100.0,0.0,0.0,150.0,2.0,1,4571.707103289425
3641.7071032894246,2,moving,0.0,0.0,0.8399218940641788,83.99218940641788,100.0,0.0,0.0,150.0,2.0,0,4449.707103289425
3641.7071032894246,3,moving,0.0,0.0,0.8399218940641788,83.99218940641788,100.0,0.0,0.0,150.0,2.0,0,4513.707103289425
3673.7071032894246,1,idle,0.0,0.0,0.2334785758247336,23.34785758247336,100.0,0.0,0.0,150.0,2.0,1,4603.707103289425
3673.7071032894246,2,moving,0.0,0.0,0.8399218940641788,83.99218940641788,100.0,0.0,0.0,150.0,2.0,0,4449.707103289425
3673.7071032894246,3,moving,0.0,0.0,0.8399218940641788,83.99218940641788,100.0,0.0,0.0,150.0,2.0,0,4513.707103289425
3703.7071032894246,1,idle,0.0,0.0,0.2334785758247336,23.34785758247336,100.0,0.0,0.0,150.0,2.0,1,4633.707103289425
3703.7071032894246,2,moving,0.0,0.0,0.8399218940641788,83.99218940641788,100.0,0.0,0.0,150.0,2.0,0,4449.707103289425
3703.7071032894246,3,moving,0.0,0.0,0.8399218940641788,83.99218940641788,100.0,0.0,0.0,150.0,2.0,0,4513.707103289425
3733.7071032894246,1,idle,0.0,0.0,0.2334785758247336,23.34785758247336,100.0,0.0,0.0,150.0,2.0,1,4663.707103289425
3733.7071032894246,2,moving,0.0,0.0,0.8399218940641788,83.99218940641788,100.0,0.0,0.0,150.0,2.0,0,4449.707103289425
3733.7071032894246,3,moving,0.0,0.0,0.8399218940641788,83.99218940641788,100.0,0.0,0.0,150.0,2.0,0,4513.707103289425
3765.7071032894246,1,idle,0.0,0.0,0.2334785758247336,23.34785758247336,100.0,0.0,0.0,150.0,2.0,1,4695.707103289425
3765.7071032894246,2,moving,0.0,0.0,0.8399218940641788,83.99218940641788,100.0,0.0,0.0,150.0,2.0,0,4449.707103289425
3765.7071032894246,3,moving,0.0,0.0,0.8399218940641788,83.99218940641788,100.0,0.0,0.0,150.0,2.0,0,4513.707103289425
3797.7071032894246,1,idle,0.0,0.0,0.2334785758247336,23.34785758247336,100.0,0.0,0.0,150.0,2.0,1,4725.707103289425
3797.7071032894246,2,moving,0.0,0.0,0.8399218940641788,83.99218940641788,100.0,0.0,0.0,150.0,2.0,0,4449.707103289425
3797.7071032894246,3,moving,0.0,0.0,0.8399218940641788,83.99218940641788,100.0,0.0,0.0,150.0,2.0,0,4513.707103289425
3829.7071032894246,1,idle,0.0,0.0,0.2334785758247336,23.34785758247336,100.0,0.0,0.0,150.0,2.0,1,4755.707103289425
3829.7071032894246,2,moving,0.0,0.0,0.8399218940641788,83.99218940641788,100.0,0.0,0.0,150.0,2.0,0,4449.707103289425
3829.7071032894246,3,moving,0.0,0.0,0.8399218940641788,83.99218940641788,100.0,0.0,0.0,150.0,2.0,0,4513.707103289425
3859.7071032894246,1,idle,0.0,0.0,0.2334785758247336,23.34785758247336,100.0,0.0,0.0,150.0,2.0,1,4787.707103289425
3859.7071032894246,2,moving,0.0,0.0,0.8399218940641788,83.99218940641788,100.0,0.0,0.0,150.0,2.0,0,4449.707103289425
3859.7071032894246,3,moving,0.0,0.0,0.8399218940641788,83.99218940641788,100.0,0.0,0.0,150.0,2.0,0,4513.707103289425
3889.7071032894246,1,idle,0.0,0.0,0.2334785758247336,23.34785758247336,100.0,0.0,0.0,150.0,2.0,1,4817.707103289425
3889.7071032894246,2,moving,0.0,0.0,0.8399218940641788,83.99218940641788,100.0,0.0,0.0,150.0,2.0,0,4449.707103289425
3889.7071032894246,3,moving,0.0,0.0,0.8399218940641788,83.99218940641788,100.0,0.0,0.0,150.0,2.0,0,4513.707103289425
3903.6926999307825,1,moving,0.0,0.0,0.2334785758247336,23.34785758247336,100.0,0.0,0.0,150.0,2.0,0,4847.707103289425
3903.6926999307825,2,moving,0.0,0.0,0.8399218940641788,83.99218940641788,100.0,0.0,0.0,150.0,2.0,0,4449.707103289425
3903.6926999307825,3,moving,0.0,0.0,0.8399218940641788,83.99218940641788,100.0,0.0,0.0,150.0,2.0,0,4513.707103289425
3919.7071032894246,1,idle,0.0,0.0,0.2334785758247336,23.34785758247336,100.0,0.0,0.0,150.0,2.0,1,4847.707103289425
3919.7071032894246,2,moving,0.0,0.0,0.8399218940641788,83.99218940641788,100.0,0.0,0.0,150.0,2.0,0,4449.707103289425
3919.7071032894246,3,moving,0.0,0.0,0.8399218940641788,83.99218940641788,100.0,0.0,0.0,150.0,2.0,0,4513.707103289425
3949.7071032894246,1,idle,0.0,0.0,0.2334785758247336,23.34785758247336,100.0,0.0,0.0,150.0,2.0,1,4847.707103289425
3949.7071032894246,2,moving,0.0,0.0,0.8399218940641788,83.99218940641788,100.0,0.0,0.0,150.0,2.0,0,4449.707103289425
3949.7071032894246,3,moving,0.0,0.0,0.8399218940641788,83.99218940641788,100.0,0.0,0.0,150.0,2.0,0,4513.707103289425
3981.7071032894246,1,idle,0.0,0.0,0.2334785758247336,23.34785758247336,100.0,0.0,0.0,150.0,2.0,1,4847.707103289425
3981.7071032894246,2,moving,0.0,0.0,0.8399218940641788,83.99218940641788,100.0,0.0,0.0,150.0,2.0,0,4449.707103289425
3981.7071032894246,3,moving,0.0,0.0,0.8399218940641788,83.99218940641788,100.0,0.0,0.0,150.0,2.0,0,4513.707103289425
4011.7071032894246,1,idle,0.0,0.0,0.2334785758247336,23.34785758247336,100.0,0.0,0.0,150.0,2.0,1,4847.707103289425
4011.7071032894246,2,moving,0.0,0.0,0.8399218940641788,83.99218940641788,100.0,0.0,0.0,150.0,2.0,0,4449.707103289425
4011.7071032894246,3,moving,0.0,0.0,0.8399218940641788,83.99218940641788,100.0,0.0,0.0,150.0,2.0,0,4513.707103289425
4041.7071032894246,1,idle,0.0,0.0,0.2334785758247336,23.34785758247336,100.0,0.0,0.0,150.0,2.0,1,4847.707103289425
4041.7071032894246,2,moving,0.0,0.0,0.8399218940641788,83.99218940641788,100.0,0.0,0.0,150.0,2.0,0,4449.707103289425
4041.7071032894246,3,moving,0.0,0.0,0.8399218940641788,83.99218940641788,100.0,0.0,0.0,150.0,2.0,0,4513.707103289425
0.0,1,idle,0.0,0.0,0.2334785758247336,23.34785758247336,100.0,0.0,0.0,150.0,2.0,1,4847.707103289425
0.0,2,moving,0.0,0.0,0.8399218940641788,83.99218940641788,100.0,0.0,0.0,150.0,2.0,0,4449.707103289425
0.0,3,moving,0.0,0.0,0.8399218940641788,83.99218940641788,100.0,0.0,0.0,150.0,2.0,0,4513.707103289425
0.0,1,moving,0.0,0.0,0.2334785758247336,23.34785758247336,100.0,0.0,0.0,150.0,2.0,0,4877.707103289425
0.0,2,idle,0.0,0.0,0.8399218940641788,83.99218940641788,100.0,0.0,0.0,150.0,2.0,1,4449.707103289425
0.0,3,moving,0.0,0.0,0.8399218940641788,83.99218940641788,100.0,0.0,0.0,150.0,2.0,0,4513.707103289425
0.0,1,moving,0.0,0.0,0.2334785758247336,23.34785758247336,100.0,0.0,0.0,150.0,2.0,0,4877.707103289425
0.0,2,moving,0.0,0.0,0.8399218940641788,83.99218940641788,100.0,0.0,0.0,150.0,2.0,0,4479.707103289425
0.0,3,idle,0.0,0.0,0.8399218940641788,83.99218940641788,100.0,0.0,0.0,150.0,2.0,1,4513.707103289425
182.31908539741715,1,moving,0.0,0.0,0.2334785758247336,23.34785758247336,100.0,0.0,0.0,150.0,2.0,0,4877.707103289425
182.31908539741715,2,moving,0.0,0.0,0.8399218940641788,83.99218940641788,100.0,0.0,0.0,150.0,2.0,0,4479.707103289425
182.31908539741715,3,moving,0.0,0.0,0.8399218940641788,83.99218940641788,100.0,0.0,0.0,150.0,2.0,0,4543.707103289425
1243.954403375923,1,moving,0.0,0.0,0.2334785758247336,23.34785758247336,100.0,0.0,0.0,150.0,2.0,0,4909.707103289425
1243.954403375923,2,moving,0.0,0.0,0.8399218940641788,83.99218940641788,100.0,0.0,0.0,150.0,2.0,0,4479.707103289425
1243.954403375923,3,moving,0.0,0.0,0.8399218940641788,83.99218940641788,100.0,0.0,0.0,150.0,2.0,0,4543.707103289425
3903.6926999307825,1,moving,0.0,0.0,0.2334785758247336,23.34785758247336,100.0,0.0,0.0,150.0,2.0,0,4941.707103289425
3903.6926999307825,2,moving,0.0,0.0,0.8399218940641788,83.99218940641788,100.0,0.0,0.0,150.0,2.0,0,4479.707103289425
3903.6926999307825,3,moving,0.0,0.0,0.8399218940641788,83.99218940641788,100.0,0.0,0.0,150.0,2.0,0,4543.707103289425
4479.707103289425,1,moving,0.0,0.0,0.2334785758247336,23.34785758247336,100.0,0.0,0.0,150.0,2.0,0,4941.707103289425
4479.707103289425,2,idle,0.0,0.0,0.8399218940641788,83.99218940641788,100.0,0.0,0.0,150.0,2.0,1,4479.707103289425
4479.707103289425,3,moving,0.0,0.0,0.8399218940641788,83.99218940641788,100.0,0.0,0.0,150.0,2.0,0,4543.707103289425
